product_id,product_category_name,product_name_lenght,product_description_lenght,product_photos_qty,product_weight_g,product_length_cm,product_height_cm,product_width_cm
1e9e8ef04dbcff4541ed26657ea517e5,perfumaria,40.0,287.0,1.0,225.0,16.0,10.0,14.0
3aa071139cb16b67ca9e5dea641aaa2f,artes,44.0,276.0,1.0,1000.0,30.0,18.0,20.0
96bd76ec8810374ed1b65e291975717f,esporte_lazer,46.0,250.0,1.0,154.0,18.0,9.0,15.0
cef67bcfe19066a932b7673e239eb23d,bebes,27.0,261.0,1.0,371.0,26.0,4.0,26.0
9dc1a7de274444849c219cff195d0b71,utilidades_domesticas,37.0,402.0,4.0,625.0,20.0,17.0,13.0
41d3672d4792049fa1779bb35283ed13,instrumentos_musicais,60.0,745.0,1.0,200.0,38.0,5.0,11.0
732bd381ad09e530fe0a5f457d81becb,cool_stuff,56.0,1272.0,4.0,18350.0,70.0,24.0,44.0
2548af3e6e77a690cf3eb6368e9ab61e,moveis_decoracao,56.0,184.0,2.0,900.0,40.0,8.0,40.0
37cc742be07708b53a98702e77a21a02,eletrodomesticos,57.0,163.0,1.0,400.0,27.0,13.0,17.0
8c92109888e8cdf9d66dc7e463025574,brinquedos,36.0,1156.0,1.0,600.0,17.0,10.0,12.0
14aa47b7fe5c25522b47b4b29c98dcb9,cama_mesa_banho,54.0,630.0,1.0,1100.0,16.0,10.0,16.0
03b63c5fc16691530586ae020c345514,bebes,49.0,728.0,4.0,7150.0,50.0,19.0,45.0
cf55509ea8edaaac1d28fdb16e48fc22,instrumentos_musicais,43.0,1827.0,3.0,250.0,17.0,7.0,17.0
7bb6f29c2be57716194f96496660c7c2,moveis_decoracao,51.0,2083.0,2.0,600.0,68.0,11.0,13.0
eb31436580a610f202c859463d8c7415,construcao_ferramentas_seguranca,59.0,1602.0,4.0,200.0,17.0,7.0,17.0
3bb7f144022e6732727d8d838a7b13b3,esporte_lazer,22.0,3021.0,1.0,800.0,16.0,2.0,11.0
6a2fb4dd53d2cdb88e0432f1284a004c,perfumaria,39.0,346.0,2.0,400.0,27.0,5.0,20.0
a1b71017a84f92fd8da4aeefba108a24,informatica_acessorios,59.0,636.0,1.0,900.0,40.0,15.0,20.0
a0736b92e52f6cead290e30b578413b6,moveis_decoracao,56.0,296.0,2.0,1700.0,100.0,7.0,15.0
f53103a77d9cf245e579ea37e5ec51f0,cama_mesa_banho,52.0,206.0,1.0,500.0,16.0,10.0,16.0
1c1890ba1779090cd54008a3c3302921,moveis_decoracao,27.0,158.0,4.0,2550.0,29.0,24.0,45.0
518ef5de2c2b3a255e326a4594ba15d9,cama_mesa_banho,27.0,329.0,2.0,800.0,36.0,8.0,16.0
e3e020af31d4d89d2602272b315c3f6e,beleza_saude,58.0,1987.0,3.0,75.0,21.0,7.0,13.0
8b41fbc2b984a12030090112324d1bc4,bebes,55.0,1627.0,1.0,500.0,20.0,13.0,13.0
d03bd02af9fff4b98f1c972315e5e9ef,moveis_decoracao,56.0,209.0,1.0,1800.0,40.0,10.0,30.0
8ba4f2a4ae695d26e5626c1bf710975e,utilidades_domesticas,52.0,968.0,1.0,900.0,50.0,5.0,50.0
f6574524b07d5bb753bab6f35abe2d06,malas_acessorios,52.0,573.0,5.0,3600.0,35.0,25.0,50.0
c78b767da00efb70c1bcccab87c28cd5,informatica_acessorios,35.0,1101.0,2.0,300.0,42.0,2.0,30.0
a0253d43394dd4da9a5d7b1f546f1a32,informatica_acessorios,59.0,1890.0,2.0,740.0,23.0,13.0,13.0
051b9ff13dd55c0a6655a15ff296f80d,esporte_lazer,50.0,529.0,2.0,3600.0,62.0,23.0,23.0
47859fca9dd7485cbd93c3e8993bb74f,cama_mesa_banho,45.0,206.0,1.0,650.0,16.0,10.0,16.0
e1d1d22e9f8122a4ec1533b032c12562,ferramentas_jardim,49.0,1163.0,9.0,2150.0,70.0,8.0,34.0
20e37962088a4061d3578def47a8648b,moveis_decoracao,60.0,208.0,1.0,800.0,40.0,10.0,34.0
1eba879220bd0981a0e2fbab499ed4e1,moveis_escritorio,57.0,476.0,1.0,8950.0,52.0,51.0,17.0
ce5b91848b91118daffb3af53b747475,esporte_lazer,50.0,699.0,4.0,1388.0,34.0,9.0,31.0
5370b82a213393979691c98074265584,bebes,52.0,708.0,9.0,7950.0,33.0,30.0,44.0
b8dac5113b06a97e64943234522572b9,automotivo,43.0,1062.0,2.0,6000.0,87.0,3.0,42.0
750cf819d127191920eda79a4b6fb479,eletronicos,31.0,806.0,1.0,263.0,18.0,12.0,16.0
e6af694343b45b56304ad91974a110b9,utilidades_domesticas,37.0,352.0,1.0,3900.0,19.0,20.0,15.0
680874c570dad71c0a2844cfbf417054,moveis_decoracao,47.0,502.0,1.0,600.0,25.0,25.0,25.0
8b3a9476f74f5297f7ff0ec6d95fe1ea,moveis_decoracao,63.0,254.0,2.0,2050.0,49.0,13.0,41.0
1c6fb703c624b381a20f21f757694866,brinquedos,33.0,471.0,2.0,725.0,22.0,17.0,15.0
db46052aed7dff59ba38cf2fe29b87f9,cama_mesa_banho,56.0,509.0,4.0,6350.0,45.0,15.0,35.0
b864b103180d5a6a3f830e67f93e8735,bebes,47.0,980.0,4.0,600.0,70.0,11.0,11.0
7a8dac4aaa16bc642e4df33adcf03303,cool_stuff,38.0,1701.0,2.0,11750.0,18.0,40.0,79.0
83b9bc6aae6f527ff6aafb9e01d6cbf3,brinquedos,20.0,866.0,3.0,2550.0,22.0,32.0,38.0
5f504b3a1c75b73d6151be81eb05bdc9,cool_stuff,38.0,1176.0,3.0,15350.0,47.0,40.0,47.0
bbf920aa6ac72007a726e6f419156f8f,moveis_decoracao,42.0,303.0,2.0,1300.0,25.0,16.0,25.0
c3b7e4d83e530c27a8e6368296aece48,moveis_decoracao,60.0,1972.0,2.0,850.0,69.0,11.0,11.0
c5d8079278e912d7e3b6beb48ecb56e8,beleza_saude,60.0,330.0,1.0,1300.0,19.0,28.0,17.0
5eaa343860dc445b3fd43d1b682809fd,esporte_lazer,53.0,3218.0,5.0,4800.0,60.0,30.0,15.0
b5cfb1d3c5e435a7a52227e08f220ee7,cool_stuff,55.0,410.0,2.0,1300.0,36.0,16.0,24.0
334479e94cba98064050db1c9636e244,automotivo,57.0,311.0,1.0,220.0,18.0,14.0,17.0
3fcd8dfe610c62edfb51de2630cd9ef4,bebes,50.0,509.0,4.0,5700.0,41.0,17.0,49.0
4c8056caed5757810b9a68b83c3759e6,malas_acessorios,53.0,1291.0,2.0,450.0,20.0,40.0,30.0
30e77af9e7759bbaa0305d2fbc605dc4,fashion_calcados,60.0,402.0,2.0,2000.0,32.0,12.0,37.0
92bf5d2084dfbcb57d9db7838bac5cd0,telefonia,51.0,427.0,2.0,100.0,19.0,3.0,11.0
fdeb34a9f03fea7c3937dd62d1d0287e,cool_stuff,58.0,1252.0,1.0,1100.0,30.0,20.0,23.0
1065dbb6b0bf03daaedab1236979e296,papelaria,49.0,488.0,3.0,1400.0,38.0,40.0,39.0
0d826eba8e0a2ae3bca9e3a947dd756d,brinquedos,50.0,423.0,4.0,250.0,20.0,14.0,12.0
f8f6fd145cc00519283cf3100477b2b3,esporte_lazer,47.0,956.0,1.0,1050.0,25.0,20.0,14.0
4e04ffb7dd3739ecfc37de8927dd586c,papelaria,59.0,144.0,1.0,500.0,24.0,7.0,16.0
36555a2f528d7b2a255c504191445d39,beleza_saude,51.0,1069.0,1.0,1467.0,23.0,16.0,20.0
22937a73f92a33040ab4e2540355a5d8,fashion_bolsas_e_acessorios,50.0,554.0,3.0,100.0,16.0,5.0,11.0
dc21247da0290904ffbbcd5953c76f95,papelaria,41.0,92.0,1.0,100.0,16.0,5.0,16.0
9020ce7adcc384b2899ae87ddc54767b,papelaria,43.0,198.0,2.0,300.0,23.0,7.0,15.0
bfc1d1c62b1f7f401d8d9dda962bb870,esporte_lazer,50.0,255.0,2.0,950.0,60.0,15.0,15.0
6fef6d87bb6c2eb11d57a967209219a8,ferramentas_jardim,33.0,200.0,1.0,250.0,17.0,3.0,11.0
1e5428c428e0f783acd6e3d94ba4ee2a,pcs,55.0,1067.0,1.0,12000.0,27.0,50.0,53.0
94080f9219044d897195e2be145945dc,automotivo,60.0,1543.0,6.0,921.0,17.0,9.0,16.0
d0389f20b3d11de54e1e4561df147683,casa_construcao,55.0,1441.0,1.0,10000.0,60.0,25.0,25.0
3e9b58f1436820c248d3f98d7229bb14,relogios_presentes,56.0,489.0,2.0,250.0,16.0,11.0,11.0
575c38b4c88fc7b35ef22fc8312bfe1b,cool_stuff,57.0,992.0,3.0,1200.0,44.0,20.0,20.0
556702ebb73d3786a852ad3d5a8ad268,construcao_ferramentas_construcao,54.0,339.0,1.0,4800.0,25.0,8.0,25.0
a3a03c131926ec14d4c9f3ef03016b24,pet_shop,54.0,463.0,1.0,700.0,40.0,20.0,20.0
e586ebb6022265ae1eea38f46ffe3ead,beleza_saude,40.0,1469.0,3.0,1050.0,18.0,21.0,27.0
278b3c6462e86b4556b99989513ddf73,eletroportateis,58.0,587.0,3.0,350.0,20.0,20.0,20.0
0d009643171aee696f4733340bc2fdd0,perfumaria,52.0,150.0,1.0,422.0,21.0,16.0,18.0
be1be330cf34043d1c40d6114cbd11b5,relogios_presentes,51.0,484.0,1.0,317.0,19.0,13.0,16.0
07f01b6fcacc1b187a71e5074199db2d,agro_industria_e_comercio,39.0,430.0,1.0,16400.0,63.0,66.0,56.0
75b4372e69a42f8ae1d908c076f547b2,beleza_saude,22.0,1313.0,1.0,938.0,29.0,22.0,23.0
3569d4374a919941a50f57371b1dc93d,beleza_saude,37.0,1168.0,1.0,2700.0,21.0,16.0,31.0
a3c95dc653d9a279b160bc0179385ed1,cama_mesa_banho,39.0,1146.0,1.0,1750.0,30.0,18.0,30.0
0992c6cba95a13bfa68ea7d5e22d478b,ferramentas_jardim,42.0,671.0,1.0,3850.0,29.0,12.0,24.0
b1eae565a61935e0011ee7682fef9dc9,perfumaria,49.0,460.0,2.0,267.0,17.0,13.0,17.0
2734390ee304b0f4817b3c233094fc16,instrumentos_musicais,59.0,2367.0,3.0,16200.0,55.0,40.0,40.0
32ee3f4e2493045726807808d7abbab6,cama_mesa_banho,54.0,381.0,2.0,1400.0,38.0,9.0,27.0
c2367eda4f9623d0355dc5d7796d857a,cama_mesa_banho,50.0,607.0,1.0,6450.0,100.0,10.0,11.0
7f34b85142d1ef9e077a0da9ada27385,moveis_decoracao,59.0,1750.0,3.0,2300.0,105.0,3.0,70.0
c478b1bbf9ec8c5691f37ccb83187386,informatica_acessorios,55.0,163.0,2.0,300.0,25.0,8.0,18.0
f9ecf420c38b90a8af8e7f70fd789264,esporte_lazer,43.0,101.0,1.0,600.0,50.0,10.0,12.0
3a6a0247ced9dcb444b46caafdcdd368,beleza_saude,60.0,2497.0,1.0,3600.0,20.0,20.0,20.0
adf591c625cb265c12bc6749d3a2f757,beleza_saude,60.0,1146.0,6.0,150.0,20.0,24.0,33.0
3e0f398b664b26e3224c79dbf435191f,esporte_lazer,57.0,900.0,4.0,400.0,16.0,4.0,11.0
64c8f1a52b407d92518a1f8b79240a70,telefonia,49.0,319.0,1.0,100.0,18.0,6.0,11.0
af16005fca813272caf59c432153949e,moveis_decoracao,55.0,1186.0,2.0,800.0,53.0,8.0,20.0
e6a1ff3552ba3305c1cf0a4dde50347f,automotivo,58.0,703.0,6.0,5250.0,47.0,19.0,23.0
d8a405c732027a2af3187b031890933d,automotivo,50.0,361.0,1.0,200.0,35.0,4.0,26.0
ce94e3c41145e28428cdae952a1fd7f2,relogios_presentes,58.0,899.0,2.0,335.0,17.0,11.0,12.0
3f0f8de616df6efb39a48f3c64eea974,cama_mesa_banho,49.0,701.0,1.0,1300.0,50.0,12.0,12.0
6ddc95e87149457c4c5177b0a474a9ba,moveis_decoracao,47.0,1405.0,3.0,150.0,35.0,2.0,25.0
a2e2851eae0aebb8ee4df32348b42e2b,informatica_acessorios,59.0,504.0,3.0,367.0,16.0,4.0,11.0
723f62c36c298037716bf60c0ad0df3a,relogios_presentes,57.0,276.0,4.0,250.0,16.0,2.0,11.0
b2b3503e675abbc07e278151da072ed2,moveis_decoracao,46.0,287.0,1.0,8500.0,75.0,25.0,55.0
c18c01e09509a509e2b88d3ed40c580e,bebes,46.0,1039.0,1.0,2150.0,42.0,25.0,15.0
a41e356c76fab66334f36de622ecbd3a,,,,,650.0,17.0,14.0,12.0
e7cad5e8ed9b92e788262ad710c33bd0,esporte_lazer,56.0,663.0,4.0,150.0,16.0,5.0,11.0
c33d78b97260227119fb2b71be168fca,cama_mesa_banho,39.0,170.0,1.0,650.0,27.0,10.0,22.0
e8fd6f481db77b847e7ab93fa1510e7e,eletroportateis,53.0,794.0,4.0,2700.0,20.0,26.0,32.0
67bea89008edcb996cfe4e3d062b62a8,utilidades_domesticas,56.0,414.0,1.0,1200.0,23.0,22.0,16.0
e8e86cbab028363545a5bf0ca5e226ee,moveis_sala,36.0,312.0,2.0,6050.0,55.0,10.0,46.0
c12b64bf0861a27e0f06c36ef82f457d,esporte_lazer,53.0,425.0,1.0,150.0,16.0,6.0,11.0
6f0169f259bb0ff432bfff7d829b9946,casa_construcao,58.0,918.0,6.0,1050.0,16.0,20.0,16.0
b6f3b8136ba8302906df7e11ff908751,pet_shop,36.0,617.0,1.0,1350.0,23.0,7.0,30.0
2be2be0a6a5916840503fdf50808ebcb,utilidades_domesticas,41.0,270.0,1.0,600.0,36.0,6.0,19.0
8efa775719397f78f79c8e5c7b0afbd4,moveis_decoracao,22.0,275.0,1.0,1000.0,30.0,18.0,18.0
9e87e3ee09baee5f5c0513ff37bc60ab,cama_mesa_banho,58.0,381.0,2.0,1550.0,43.0,8.0,33.0
a0abcee0132a5aed003d98e459b37698,cama_mesa_banho,58.0,223.0,1.0,2700.0,45.0,13.0,35.0
7f6308ba4057a6a740af7b4dcfb79c13,telefonia,63.0,1930.0,9.0,200.0,19.0,5.0,11.0
1eb4a9aee05c9cad041e09add2a26d68,malas_acessorios,51.0,244.0,1.0,800.0,38.0,8.0,28.0
8da90b37f0fb171b4877c124f965b1f6,perfumaria,56.0,733.0,3.0,377.0,18.0,13.0,15.0
712a72a78ffb66cb6eee87eebbf54519,esporte_lazer,52.0,1049.0,3.0,400.0,45.0,22.0,43.0
c5fb7fbe39f4e09e048ffbc5b28db49a,sinalizacao_e_seguranca,51.0,1212.0,1.0,450.0,16.0,5.0,16.0
f17b05cc8a7651896df8c30884200e9a,climatizacao,30.0,547.0,1.0,2000.0,32.0,51.0,16.0
55ec10b39713ee81ee2c5bcb558cf866,fashion_bolsas_e_acessorios,53.0,1398.0,1.0,300.0,16.0,2.0,11.0
c190c4fe582c5b7ffff586506de83f01,moveis_decoracao,34.0,160.0,1.0,250.0,26.0,14.0,14.0
f908df99196805b5bc4ada9ef510b11b,esporte_lazer,57.0,245.0,2.0,1950.0,60.0,15.0,15.0
ac5bae85a895724330c4acddd581b02b,telefonia,50.0,1254.0,2.0,500.0,16.0,15.0,11.0
d8dee61c2034d6d075997acef1870e9b,,,,,300.0,16.0,7.0,20.0
cbaff83e2c00a2b731d27276bbf52082,artes,59.0,1431.0,6.0,7900.0,70.0,15.0,70.0
ad67f74682943e3857eebf3ca2538d1a,cama_mesa_banho,53.0,261.0,2.0,1800.0,41.0,9.0,34.0
1e12f1836c1f08b25ef78fcdf76fbf08,ferramentas_jardim,60.0,884.0,1.0,900.0,37.0,3.0,23.0
acd427ee119d5c71c7a85ae488cb0a6a,fashion_bolsas_e_acessorios,52.0,68.0,7.0,200.0,16.0,2.0,11.0
60cf4effb6947283fa638d570bd07318,bebes,30.0,410.0,4.0,4500.0,80.0,70.0,28.0
51fed4afb1b41d00ad9d25a73b7fbbc7,consoles_games,48.0,303.0,3.0,250.0,21.0,7.0,15.0
bb09cce52b336261572a5a7e25a33795,utilidades_domesticas,59.0,943.0,1.0,550.0,16.0,25.0,12.0
65a6462e42e05ab3b8dc613566736825,malas_acessorios,49.0,540.0,4.0,1100.0,39.0,12.0,28.0
f2396540fbfac27b5117f0dbd6744b50,cama_mesa_banho,53.0,222.0,1.0,3600.0,40.0,20.0,40.0
70d1bd3a042448105a71d0b41ecbc96b,consoles_games,56.0,235.0,1.0,100.0,16.0,3.0,11.0
0075c14603d80515e20908c156ceb47b,esporte_lazer,50.0,329.0,2.0,150.0,16.0,18.0,16.0
5a42f73d92034010a4e00360fb0df099,esporte_lazer,55.0,144.0,1.0,3775.0,18.0,13.0,16.0
bcd58b852a3b0152b6b384c4e4474ba2,cool_stuff,59.0,797.0,2.0,1400.0,25.0,20.0,20.0
2bfb0bdbcea77da2879f0ef3be9a219e,consoles_games,53.0,439.0,5.0,900.0,22.0,7.0,18.0
87fb220044e9aca16fbec51c6c997aa0,relogios_presentes,60.0,438.0,2.0,250.0,20.0,12.0,20.0
484bf1dff778a416389aafd0dee1cb11,brinquedos,55.0,852.0,1.0,350.0,21.0,9.0,16.0
56139431d72cd51f19eb9f7dae4d1617,,,,,200.0,20.0,20.0,20.0
3cef8174403f4fdedbf24fa67fa9f132,bebes,39.0,805.0,3.0,1800.0,18.0,32.0,27.0
003938452c98ff9ab28e9e7b4bfe97ab,moveis_sala,52.0,420.0,2.0,5050.0,50.0,8.0,50.0
8d6cb00151d423c52855385c89f0bae8,automotivo,58.0,386.0,1.0,27100.0,50.0,50.0,50.0
5877301b00f95e3c6118738b293dfab3,eletrodomesticos,50.0,273.0,1.0,1500.0,65.0,8.0,38.0
e0bbe6292471ff5ab3752414baf78111,relogios_presentes,43.0,572.0,2.0,500.0,16.0,11.0,11.0
dd768d259ee6054e0dadd66c8e2be0b6,cama_mesa_banho,52.0,700.0,2.0,350.0,16.0,10.0,16.0
fc2edee55f4118969f4dc49f7a717605,automotivo,47.0,1548.0,3.0,500.0,16.0,12.0,17.0
b521fddf2c8a7e7d1791bfb3c1b2f278,esporte_lazer,55.0,448.0,1.0,1000.0,20.0,20.0,20.0
46b48281eb6d663ced748f324108c733,,,,,18500.0,41.0,30.0,41.0
db7e6804f1a8206a7e51c9a741a09d9e,brinquedos,51.0,410.0,2.0,300.0,24.0,11.0,24.0
50556c630443502c11acde1c320fe278,beleza_saude,59.0,257.0,1.0,250.0,16.0,2.0,20.0
88d2c501ec765f5d7e8038fa6aab0e62,beleza_saude,51.0,863.0,1.0,10700.0,40.0,40.0,40.0
722fb67c17907e21734449c091420bf5,utilidades_domesticas,29.0,290.0,1.0,1700.0,32.0,21.0,22.0
43b6d9e46e1e6b8ac743a1c31e462937,ferramentas_jardim,31.0,680.0,1.0,7700.0,39.0,28.0,25.0
1ffe365aa7583189e63f2fa4f060b269,esporte_lazer,57.0,785.0,4.0,5200.0,20.0,60.0,35.0
3014e35fd70fce29095ced5cdc89f4ce,telefonia,51.0,244.0,1.0,125.0,17.0,10.0,14.0
e869d449cc32881790ef9af9b4c670f8,moveis_escritorio,50.0,2220.0,1.0,15700.0,58.0,28.0,58.0
a1b3a75aaaee5c9a683f2266c088f720,relogios_presentes,53.0,599.0,2.0,350.0,16.0,11.0,11.0
7fdbc1ecf5fdf5c98d9b14e110133eb3,esporte_lazer,57.0,649.0,1.0,213.0,16.0,10.0,13.0
15b3d40f375c0645c1eed4ed1cd8e17a,fashion_bolsas_e_acessorios,30.0,401.0,3.0,150.0,16.0,11.0,11.0
1cf39a397efa955b102a52ee7ec5531c,automotivo,35.0,907.0,3.0,18200.0,56.0,15.0,15.0
f9471562478eba8761bc985b968a0092,utilidades_domesticas,38.0,390.0,1.0,850.0,18.0,21.0,15.0
e96bac5656eaec25f3d76757fa16d9d3,casa_construcao,55.0,918.0,6.0,1050.0,16.0,20.0,16.0
16b06ede456b922e56fbb4b3818aa875,fashion_bolsas_e_acessorios,48.0,382.0,5.0,200.0,16.0,9.0,11.0
c7147724cd430269c6296fc758c0a086,utilidades_domesticas,32.0,42.0,1.0,300.0,16.0,15.0,11.0
dbb399a8be7395d5b136d49fcdce13df,informatica_acessorios,47.0,764.0,1.0,200.0,23.0,9.0,13.0
ed46d1fbd7bf78ce79910c09fb892abb,esporte_lazer,52.0,406.0,1.0,800.0,20.0,25.0,25.0
d458378a178cd7cae60052319cebf235,papelaria,50.0,198.0,2.0,200.0,24.0,7.0,14.0
596363933adf57df745ecbc8afeec226,esporte_lazer,50.0,853.0,1.0,698.0,46.0,10.0,14.0
4473f3e5c65952b074ef987fa5c24662,telefonia,59.0,776.0,6.0,350.0,17.0,4.0,12.0
8c9faf6aabee9b2a30b83f92d786f6de,livros_interesse_geral,50.0,2913.0,3.0,1000.0,24.0,5.0,17.0
8e71b24c3e25a92fef6176120a67fac7,informatica_acessorios,53.0,585.0,1.0,783.0,21.0,13.0,28.0
828fe032935d7c1901682e5b6cc076c2,perfumaria,48.0,1063.0,2.0,600.0,20.0,20.0,20.0
19502a282608c5627fb32e22724727fc,brinquedos,47.0,181.0,1.0,11650.0,55.0,30.0,30.0
df473738565b52f77b4e22b328b41576,construcao_ferramentas_ferramentas,42.0,369.0,1.0,400.0,16.0,2.0,11.0
657491063e8a63247a108a4d9cedf020,brinquedos,25.0,274.0,1.0,3050.0,40.0,10.0,40.0
a388f2043ca885de714453e4fac616e2,telefonia,50.0,744.0,1.0,100.0,16.0,3.0,11.0
4c6018f41a6c2e5543cc034e94f5ce5b,ferramentas_jardim,44.0,2395.0,1.0,16500.0,40.0,25.0,26.0
a85543a371d5cfafedb80a8177a692b5,utilidades_domesticas,59.0,470.0,2.0,750.0,34.0,14.0,24.0
6b017e0d95d8765a6f2bed3bc272c61e,fashion_underwear_e_moda_praia,39.0,422.0,1.0,250.0,36.0,4.0,20.0
6d14f72afff32795290f2df6507f063c,malas_acessorios,59.0,413.0,3.0,2300.0,84.0,14.0,20.0
75b433ca888fe027b18dfac89a284667,eletronicos,37.0,374.0,1.0,1350.0,33.0,12.0,26.0
9aa70106d14b83c7ad033592870b2b30,utilidades_domesticas,22.0,388.0,3.0,530.0,17.0,20.0,20.0
42fe4aefc7e8a45dd96a59af81dd3fef,automotivo,59.0,162.0,1.0,1300.0,20.0,20.0,20.0
a04cf12934a318be6550b1aeab938bf2,fashion_calcados,59.0,605.0,5.0,4000.0,57.0,14.0,36.0
224703229a7c966a5b191651e1561be2,esporte_lazer,52.0,234.0,4.0,8150.0,20.0,20.0,20.0
43724b27731595d954e911f443fb1cc4,construcao_ferramentas_construcao,57.0,272.0,1.0,2200.0,16.0,2.0,11.0
b29ca3d3127057c43ef4b364bbe360ea,beleza_saude,55.0,1029.0,1.0,1150.0,20.0,25.0,20.0
5e21d5cab5d33e770d8150a4ee6117db,relogios_presentes,60.0,312.0,4.0,200.0,16.0,2.0,11.0
55610b8b7d48294e69fc23f513dfbe98,moveis_decoracao,60.0,1068.0,3.0,400.0,16.0,20.0,16.0
68bfdbfe84f03af17733b10362f10020,moveis_decoracao,63.0,244.0,4.0,600.0,29.0,12.0,23.0
5fb61f482620cb672f5e586bb132eae9,,,,,300.0,35.0,7.0,12.0
a5bc1334f1762ce0a844f3f694dc08e1,cama_mesa_banho,48.0,645.0,1.0,1200.0,16.0,10.0,16.0
701ff123e9085dcc9c2f833efded6374,cool_stuff,50.0,268.0,5.0,10664.0,61.0,63.0,35.0
73b499a2f5002c0a2158a478cc5a096c,utilidades_domesticas,43.0,2148.0,2.0,1800.0,50.0,12.0,36.0
42f14eda412436b96cde4f4025ed5f25,esporte_lazer,47.0,154.0,3.0,500.0,16.0,2.0,11.0
47969dd948e918289f809be899ddfb4c,papelaria,48.0,501.0,1.0,258.0,19.0,12.0,19.0
446295cf6f689d4db477145815362608,papelaria,59.0,209.0,1.0,1400.0,16.0,44.0,37.0
280c05c66173c2b377f3e449e33abc6d,brinquedos,59.0,640.0,1.0,400.0,35.0,7.0,35.0
4a96de21ccfb22ebe1c56992acbbd7fc,climatizacao,58.0,655.0,5.0,1300.0,30.0,10.0,30.0
c45a1de8cdb00af9ba1f3c097561b77a,cama_mesa_banho,55.0,315.0,2.0,1000.0,30.0,10.0,25.0
1b37262ebd1307a6c9aab9aca8584e76,pet_shop,52.0,1290.0,3.0,1300.0,30.0,10.0,18.0
04869307f7e7dc5b07f1d83406ade1e5,brinquedos,58.0,443.0,2.0,3305.0,38.0,36.0,19.0
8bb6ace4cf2411747ea1cfecad5a458d,bebes,55.0,224.0,2.0,6000.0,75.0,15.0,50.0
21db47f6493b06e8e7fc562ec9890e77,informatica_acessorios,50.0,281.0,4.0,300.0,35.0,5.0,25.0
f4d705aa95ccca448e5b0deb6e5290ba,cama_mesa_banho,57.0,74.0,1.0,250.0,20.0,2.0,15.0
bbaef2eadf31fe3ea6702077398be06c,perfumaria,45.0,1003.0,2.0,400.0,18.0,11.0,11.0
3fc3d637781e5d185455013606a6e2cd,eletronicos,32.0,1274.0,1.0,250.0,16.0,10.0,30.0
21d325f98c6505a72b1bcf363f3d3f88,brinquedos,57.0,1532.0,2.0,1250.0,29.0,19.0,22.0
f6691c7e7a0c12d28003c97608dfe605,fashion_roupa_masculina,47.0,1026.0,2.0,950.0,40.0,6.0,40.0
c615805546392ec3b8a20c6590c4d400,pet_shop,54.0,261.0,6.0,2000.0,30.0,34.0,17.0
6e9c52b407fea24064f7ab2b144fbf8c,bebes,56.0,1395.0,7.0,13575.0,71.0,81.0,44.0
e07f6e9343cad06f34d0a7a09eeac4d7,beleza_saude,60.0,537.0,1.0,667.0,17.0,16.0,16.0
80fc21f90a43fdcfc623f11f5457db10,relogios_presentes,55.0,457.0,2.0,267.0,17.0,11.0,12.0
9cafef108028ea326352e901a8b729a7,cama_mesa_banho,60.0,609.0,2.0,1750.0,45.0,20.0,40.0
dd783a33bc94bef9c728611320d559e7,beleza_saude,52.0,1113.0,1.0,150.0,16.0,12.0,11.0
ec019a7e1feb42072e2a07b6317c7edb,brinquedos,48.0,135.0,1.0,10550.0,65.0,7.0,45.0
20424e1f503b9ceeeee60b717b11ec36,utilidades_domesticas,57.0,1298.0,1.0,1725.0,100.0,35.0,16.0
795ed173180b101b114960e572d2181f,malas_acessorios,43.0,215.0,1.0,700.0,45.0,10.0,31.0
40a75445dcf4958b8c9b3dac6898094b,esporte_lazer,29.0,1318.0,1.0,400.0,34.0,16.0,16.0
fff0a542c3c62682f23305214eaeaa24,papelaria,23.0,146.0,3.0,300.0,30.0,10.0,20.0
21419fbb5e6e21591c1dc83cb75aec07,casa_construcao,59.0,1582.0,1.0,5850.0,60.0,25.0,25.0
d801448d8cf48fd15a66dc8779d47241,relogios_presentes,47.0,687.0,1.0,267.0,17.0,11.0,13.0
d1fbb5683c8e93f314d0f2bf40d07761,cama_mesa_banho,53.0,155.0,2.0,1500.0,39.0,12.0,25.0
4e7f36f28c51e114a343625b628dd429,cool_stuff,42.0,727.0,1.0,400.0,24.0,16.0,14.0
58bef3ad35aed45b92cf03510e6cf5ce,esporte_lazer,54.0,3830.0,1.0,1300.0,31.0,32.0,31.0
532d7f19b8005e415f5b98a1cf4a8690,utilidades_domesticas,58.0,172.0,1.0,400.0,16.0,10.0,14.0
aedb7e30007f6051c5b3f97156b0848a,artes,32.0,195.0,1.0,150.0,25.0,2.0,19.0
c752f2bc46ad4b389290cf5828a1db62,beleza_saude,40.0,654.0,1.0,650.0,25.0,13.0,14.0
7207700449f2433076d70a5b1c004eb4,consoles_games,44.0,421.0,1.0,706.0,32.0,8.0,38.0
582dfc3697c5f834a5ddf28460ba9222,fashion_bolsas_e_acessorios,59.0,251.0,1.0,300.0,25.0,10.0,25.0
54910b8287ecea5f93a008ebfa94a15c,cama_mesa_banho,41.0,242.0,1.0,4850.0,75.0,5.0,50.0
ecaae002060173ec59f5b168cbd55d70,automotivo,51.0,1741.0,1.0,825.0,20.0,24.0,15.0
9e48435521202c8795e21ac42efcc761,informatica_acessorios,31.0,432.0,1.0,600.0,46.0,3.0,15.0
f46c384460008df0071849d01b39834f,esporte_lazer,53.0,527.0,2.0,700.0,23.0,9.0,11.0
4fe53f6c123977ffa0dda91a2962c9e8,moveis_decoracao,51.0,1442.0,1.0,300.0,40.0,10.0,27.0
7aeb83cae61b0e94e6426cba2598ad9e,utilidades_domesticas,55.0,471.0,2.0,1270.0,17.0,14.0,17.0
3fc23ad64a8ee1f1451c8c44932c5d22,construcao_ferramentas_ferramentas,40.0,338.0,1.0,450.0,20.0,2.0,11.0
e10758160da97891c2fdcbc35f0f031d,,,,,2200.0,16.0,2.0,11.0
dccef777bc505f2eca720502c209988d,eletrodomesticos,56.0,173.0,1.0,150.0,18.0,8.0,13.0
b6be875acca0b4862cae6479c5d9e6fa,ferramentas_jardim,49.0,192.0,1.0,200.0,16.0,3.0,11.0
84e1b9c6ba2ed178bd217097b41f1251,moveis_cozinha_area_de_servico_jantar_e_jardim,50.0,859.0,1.0,10893.0,33.0,88.0,44.0
93c285dad77a797cf2193ead6afbe107,utilidades_domesticas,53.0,524.0,1.0,1800.0,25.0,7.0,20.0
1ba7948f3aa31cdaf78a4885f3c5385a,brinquedos,29.0,566.0,2.0,1220.0,20.0,33.0,22.0
6a61a5d77a8571a0646e8c0f75f572f4,beleza_saude,53.0,1368.0,6.0,360.0,30.0,19.0,22.0
0e40b1ed4cfd3da1962ec91913e54ba8,eletronicos,52.0,424.0,1.0,175.0,22.0,11.0,15.0
2de8789bf8abcd2f6c7866f9429b1986,pet_shop,50.0,852.0,1.0,1900.0,50.0,13.0,70.0
d394d30215872be4cda2c67c1ce5b981,esporte_lazer,37.0,621.0,5.0,250.0,20.0,20.0,20.0
9181a16945ef449aa81212d5139945ec,bebes,58.0,1261.0,3.0,6950.0,85.0,11.0,50.0
b166907a5770631b7deedd0891b1b7ab,utilidades_domesticas,57.0,1094.0,1.0,1100.0,55.0,5.0,40.0
302a19dacdbb5ed2f74f9dee8126ef79,bebes,64.0,882.0,5.0,300.0,17.0,7.0,24.0
1fb2c1a0d7f863e0644077cb5d8f80df,moveis_escritorio,41.0,2261.0,1.0,16500.0,58.0,28.0,58.0
0a17941f41b99d2f070fab54b458a4a4,malas_acessorios,28.0,453.0,1.0,300.0,16.0,23.0,19.0
98190f6a2c3253d07ca86525bb238162,eletronicos,25.0,813.0,1.0,1836.0,61.0,6.0,24.0
a18a23a783fb7576a8f0f6fbc2ae2b58,beleza_saude,59.0,822.0,1.0,175.0,18.0,22.0,16.0
e2c3ed9aaddfd2312a6a5fe9b3ddadd3,brinquedos,53.0,579.0,1.0,675.0,22.0,24.0,21.0
71c808620fa8dafbe6cd6c638cc67567,esporte_lazer,58.0,568.0,4.0,200.0,26.0,5.0,20.0
25cdef5b1428725aa16b8b9a6fbd72ca,industria_comercio_e_negocios,58.0,1058.0,1.0,1200.0,30.0,20.0,30.0
a1bf559ac1eab015ba992bd76d9d76c7,informatica_acessorios,32.0,1074.0,2.0,200.0,39.0,2.0,30.0
3b82733180834cc02658403163260204,moveis_escritorio,46.0,1193.0,2.0,16100.0,63.0,61.0,24.0
eca3036ef7ba11b3331c334b7053fe13,telefonia,51.0,443.0,1.0,117.0,19.0,4.0,12.0
6b75ce117b8fcc75289cb6cbe589de6c,telefonia_fixa,27.0,1217.0,1.0,455.0,36.0,18.0,27.0
23ab7bb9eac81e85ec43ed71064cf7ce,cama_mesa_banho,55.0,613.0,1.0,550.0,16.0,10.0,16.0
5cfe07a11fd4f35d3c5ca21cd60cee6e,fashion_calcados,54.0,404.0,4.0,750.0,22.0,12.0,33.0
78119fbfa709d07b86f5ccf15043c6d6,cool_stuff,43.0,447.0,2.0,586.0,18.0,11.0,13.0
9138555a5066b7f16bf15e75c7db067c,construcao_ferramentas_iluminacao,57.0,919.0,6.0,540.0,16.0,27.0,16.0
1ec5373950b7877c5de483a123223810,esporte_lazer,42.0,2819.0,1.0,3700.0,30.0,20.0,20.0
34607082301052079a3bffcd12c5ecfb,utilidades_domesticas,57.0,623.0,4.0,3150.0,30.0,17.0,30.0
4ceab0364ce2bef8363b89f4719bbff7,cama_mesa_banho,57.0,296.0,1.0,2100.0,53.0,27.0,40.0
c9fe02894880831f6f28d5ac212d036f,construcao_ferramentas_seguranca,51.0,1006.0,3.0,314.0,20.0,19.0,18.0
3c883b9d3fd2d0ce448d4136349dc0a4,cama_mesa_banho,49.0,153.0,1.0,550.0,23.0,15.0,23.0
98d0e0ca6213edc063889593a2475e36,automotivo,55.0,978.0,1.0,13825.0,70.0,35.0,49.0
f2c1df0fc307ec60e3321c708c1dcac3,cama_mesa_banho,42.0,431.0,1.0,850.0,40.0,6.0,50.0
622d3b263cd40b06e1eeea144fb83f19,bebes,19.0,200.0,1.0,250.0,21.0,4.0,13.0
15cd31f93b25e5a517f05b1af31d353f,brinquedos,55.0,1475.0,1.0,400.0,20.0,20.0,20.0
cd7701670288642f7be9437dec9034c1,perfumaria,48.0,606.0,2.0,400.0,16.0,20.0,15.0
3519403062e217f433e0bbdc52e0b19f,consoles_games,25.0,211.0,1.0,200.0,16.0,2.0,16.0
37dffde0476450e75dae423136954b0f,automotivo,60.0,1023.0,5.0,250.0,20.0,20.0,20.0
d68bd4dedccc5545b1ff6629de8fb021,informatica_acessorios,53.0,813.0,4.0,1950.0,17.0,11.0,12.0
e4c0d69bafff0157f574aae9a147a8c1,moveis_decoracao,49.0,607.0,1.0,300.0,35.0,10.0,25.0
b6b4ab44d1f3c2a645abbda76af2a993,relogios_presentes,54.0,364.0,1.0,1050.0,30.0,45.0,11.0
d19d6968c8fa843da04bf9c9d23c312f,automotivo,53.0,1373.0,4.0,400.0,16.0,7.0,11.0
de984954e2e130136bcf8988bc973d90,instrumentos_musicais,40.0,234.0,1.0,1000.0,56.0,9.0,22.0
c6336fa91fbd87c359e44f5dca5a90ed,esporte_lazer,39.0,772.0,1.0,150.0,16.0,16.0,11.0
d10abea506594de1dd5ea21851f94062,beleza_saude,60.0,876.0,1.0,700.0,16.0,16.0,16.0
4bae12e58c9b828e1302a2cad437b80a,consoles_games,47.0,358.0,3.0,450.0,17.0,7.0,17.0
aba0932cedf32b2a7b6b832f11769613,beleza_saude,29.0,556.0,1.0,2000.0,30.0,12.0,16.0
f777c903946dd86fd00cd5b32ec3e907,construcao_ferramentas_construcao,57.0,954.0,4.0,21400.0,20.0,20.0,20.0
39e3b9b12cd0bf8ee681bbc1c130feb5,,,,,300.0,16.0,7.0,11.0
2e511b5741ab14e7f5294df6f1310b03,informatica_acessorios,52.0,2515.0,1.0,188.0,20.0,16.0,15.0
74f250adf8f41738ca96718232a41499,moveis_decoracao,56.0,646.0,1.0,300.0,16.0,30.0,20.0
f16ced867a24a244afefb5b867f337df,fashion_bolsas_e_acessorios,38.0,487.0,2.0,13600.0,26.0,60.0,40.0
1ce0e963805e3c170485768e8b09fe65,moveis_decoracao,50.0,1342.0,3.0,800.0,25.0,25.0,25.0
794de06c32a626a5692ff50e4985d36f,,,,,300.0,18.0,8.0,14.0
a530b23a71594d0d986a30359e207762,moveis_decoracao,49.0,600.0,2.0,1400.0,65.0,12.0,12.0
d294bd539d8c70342149beb38b767afc,relogios_presentes,50.0,295.0,1.0,650.0,13.0,11.0,12.0
fe9184887637170f6da65623475d6a66,construcao_ferramentas_construcao,37.0,2457.0,1.0,600.0,26.0,17.0,17.0
3da6f3c6c1ac8c36ff45b1a493a44e82,moveis_decoracao,58.0,1969.0,2.0,3000.0,69.0,11.0,11.0
8a4667ce8c036b0d54dd65a38298bfc0,malas_acessorios,45.0,224.0,1.0,950.0,46.0,10.0,33.0
26d114f0b4f14f5e3b3db0e211019777,moveis_decoracao,51.0,582.0,2.0,17400.0,42.0,35.0,42.0
ef22b718807d8b96162d9b021912f178,fashion_roupa_masculina,36.0,940.0,2.0,300.0,16.0,2.0,11.0
599e5320aef0c7dd9e3fed9b2f673d41,informatica_acessorios,52.0,1224.0,2.0,700.0,20.0,20.0,20.0
acfc0fd945c522a0d2266d45bcdd91c6,pet_shop,56.0,1545.0,2.0,625.0,21.0,16.0,17.0
2029248294c186017ecfc48cecd47bbd,ferramentas_jardim,44.0,586.0,3.0,3250.0,32.0,14.0,22.0
e8f22df5fa5b454907286aa61d6216a8,fashion_calcados,57.0,404.0,2.0,1500.0,22.0,12.0,33.0
4da06dee0a480b5d666886ea00b4d9b3,cama_mesa_banho,54.0,228.0,1.0,250.0,32.0,3.0,23.0
39d5f0edfbb6ee4d1c524dd620c0bc7a,ferramentas_jardim,41.0,198.0,1.0,425.0,31.0,6.0,12.0
185013b2b9237c14bd26a394d9fda023,climatizacao,56.0,1161.0,1.0,150.0,20.0,8.0,13.0
3d1e658dd7dc71b44b125bdd18236fb3,moveis_decoracao,56.0,2028.0,3.0,350.0,68.0,8.0,13.0
5e459bd31247ee46fa95b09556600a6a,fashion_calcados,44.0,284.0,12.0,300.0,29.0,7.0,16.0
bb31a27a0b24236c8ce7e0c6264c51ec,telefonia,49.0,276.0,12.0,100.0,19.0,3.0,11.0
99a5e7a2c16478ff3f0ea9c20eb2820f,automotivo,55.0,1658.0,3.0,550.0,16.0,21.0,18.0
8a2d3285de64b2117fbf83784acd09fc,automotivo,59.0,1250.0,1.0,250.0,16.0,27.0,15.0
fdac82e439dafa5f87a9547581532380,automotivo,60.0,1541.0,1.0,1000.0,26.0,40.0,20.0
b3f29e4bbae3c829f7c4231074c307ee,utilidades_domesticas,55.0,998.0,3.0,14850.0,35.0,102.0,35.0
115bc0865dc675638645e1ab5311e30c,bebes,46.0,726.0,3.0,850.0,42.0,25.0,15.0
e71ba6dc5ef4b3bada7ee8d17304d31e,consoles_games,56.0,3354.0,4.0,1850.0,28.0,14.0,19.0
062597771ee91356ea34084f28c03a4b,fashion_bolsas_e_acessorios,54.0,1399.0,1.0,300.0,16.0,2.0,11.0
8d51190d4e52d32e6abf3d0551501114,telefonia,61.0,212.0,1.0,200.0,19.0,4.0,11.0
10d43b23591dde746f32fe6a7beb5bfb,beleza_saude,46.0,803.0,1.0,150.0,22.0,3.0,15.0
b0cd550945da1de6eb9cb69595d540df,esporte_lazer,55.0,1392.0,1.0,900.0,16.0,16.0,16.0
e83ded7d97b96d338c4e72bb1ff7676c,ferramentas_jardim,52.0,497.0,1.0,1900.0,44.0,19.0,19.0
ce130b350f529a1d6288f927da7404ea,cama_mesa_banho,50.0,171.0,1.0,1450.0,45.0,10.0,15.0
c04b8195870068ff5c495f269a0bc993,livros_tecnicos,54.0,1162.0,1.0,1100.0,29.0,3.0,21.0
454157d7294823cc44ad21d4fe31474a,esporte_lazer,54.0,1241.0,5.0,200.0,16.0,11.0,11.0
f0737b524fe6b57f2ad4f174ce23a62c,esporte_lazer,43.0,1440.0,1.0,12600.0,20.0,10.0,20.0
bc4a074ab7a7ff14e98fa64671a79dc0,beleza_saude,21.0,1000.0,1.0,1450.0,25.0,25.0,16.0
6c3fc3c928cf7d57418923ffea326d9a,cool_stuff,49.0,733.0,3.0,800.0,42.0,25.0,15.0
dc582e9ac5036846acfeeb3093b17aa7,perfumaria,50.0,749.0,1.0,1300.0,22.0,14.0,14.0
e84fb20fe338824c220166d3cd562cbd,beleza_saude,45.0,802.0,1.0,150.0,22.0,3.0,15.0
3c2f792f1041177a81913a977431a99e,eletronicos,40.0,549.0,1.0,200.0,20.0,20.0,20.0
bcad5b050c241af2fdc24c51556b297c,ferramentas_jardim,60.0,1177.0,3.0,11450.0,23.0,43.0,35.0
0d8c64a12c0e49b2515674c031b965a1,moveis_decoracao,54.0,220.0,2.0,2200.0,20.0,20.0,20.0
e5d860a0fff2e94bd1a406456cc6c4b3,eletrodomesticos_2,38.0,2030.0,2.0,13200.0,66.0,19.0,67.0
eca26be90d3b3454dd69a13a05bdb46e,fashion_bolsas_e_acessorios,59.0,119.0,3.0,200.0,16.0,2.0,11.0
c4344f6de69a96da8febce3f885171f0,consoles_games,53.0,310.0,1.0,150.0,19.0,11.0,11.0
f092eaa771e3dca0bfeca32b5c9d5669,instrumentos_musicais,51.0,439.0,3.0,3350.0,30.0,30.0,30.0
debefa981200019b8c4a45d0176125a6,cama_mesa_banho,64.0,702.0,1.0,2200.0,42.0,11.0,36.0
d0877f0094337c414d23f5a3c7bad20c,moveis_escritorio,48.0,489.0,2.0,30000.0,50.0,50.0,30.0
4ed86bcb86407328452ac1c5b3b89d67,bebes,59.0,255.0,2.0,500.0,30.0,8.0,35.0
e117ca2a90cfd40b93450b0b60f834e4,cama_mesa_banho,51.0,487.0,1.0,1800.0,45.0,10.0,34.0
7af3e2da474486a3519b0cba9dea8ad9,,,,,200.0,22.0,14.0,14.0
4c303e0fd131aa3fe487c108b5aa8c06,artigos_de_festas,58.0,134.0,1.0,1300.0,70.0,11.0,11.0
63f7cd79973145c9e6bb11c5fd03e82e,fashion_bolsas_e_acessorios,51.0,372.0,2.0,150.0,16.0,9.0,11.0
a2bd2eae20998a24c22b110334928b02,malas_acessorios,39.0,278.0,1.0,700.0,19.0,48.0,35.0
55103cbbe0851d3a303a022cc4140628,malas_acessorios,32.0,1064.0,5.0,2900.0,40.0,55.0,30.0
f97d74310019b255120e4316f4515d74,fashion_bolsas_e_acessorios,34.0,426.0,4.0,200.0,16.0,9.0,11.0
3d649f0e12c7b5f9ec7e00f538cc13f3,beleza_saude,45.0,1886.0,1.0,300.0,16.0,18.0,16.0
9a5a361f3cd6c280f6bf4ffb6207c51e,papelaria,41.0,552.0,2.0,200.0,23.0,7.0,15.0
c354569eefd558bf201d0aedf35608ed,cama_mesa_banho,55.0,166.0,1.0,700.0,49.0,4.0,50.0
7f383ce1a13d3d90e3d6074557ee8deb,telefonia,52.0,819.0,4.0,200.0,17.0,13.0,16.0
f2a1b32f85cad59ff2a8444154ac25f0,climatizacao,51.0,2959.0,4.0,7800.0,105.0,10.0,40.0
5027a29c73fb3aa5e93eae6867c9a2e7,papelaria,53.0,500.0,2.0,550.0,16.0,4.0,11.0
457c5f8a59156ce6315753d8d788a16a,relogios_presentes,60.0,460.0,4.0,200.0,16.0,2.0,11.0
3eb0cd17f2bfe15716e113962806a5de,cama_mesa_banho,41.0,208.0,2.0,1000.0,30.0,7.0,24.0
76df076d70248fa44de6ed8c31a1a9b5,papelaria,52.0,219.0,1.0,1000.0,26.0,8.0,33.0
7683fe3e73bd7af6d0f6a6ed497cb04a,construcao_ferramentas_iluminacao,49.0,527.0,4.0,1450.0,60.0,5.0,30.0
e63e00cfcd91a5b34c13e2134671e842,moveis_escritorio,41.0,1071.0,1.0,5850.0,45.0,55.0,16.0
a77e6c93242ae050800cb3e5b98c2fcd,bebes,59.0,348.0,2.0,8300.0,45.0,25.0,45.0
a1e9b0d76a76ff474f4a4374fcfb8c42,esporte_lazer,28.0,663.0,1.0,1800.0,28.0,12.0,18.0
1dfb36d969d347f56f43590ec42c7b8c,esporte_lazer,50.0,1212.0,5.0,900.0,26.0,6.0,13.0
ae728f68e1fe806253238e93f2bfc324,esporte_lazer,57.0,1156.0,1.0,415.0,19.0,19.0,19.0
a1d17216996bf0cbba886f91bfd31c77,telefonia,51.0,1015.0,1.0,103.0,21.0,6.0,14.0
22776ebd2bfdf5f55499fd324862a673,automotivo,42.0,878.0,2.0,500.0,20.0,8.0,14.0
6b5af19067eeadc0f331687a79ca656b,papelaria,62.0,621.0,1.0,600.0,16.0,6.0,11.0
c72a1a8c3bbe15206d1880cedc7bd791,informatica_acessorios,59.0,1238.0,5.0,4750.0,18.0,22.0,30.0
f14aa2ba817ef24ccf7f99c0ccfab59a,relogios_presentes,37.0,610.0,1.0,263.0,18.0,15.0,16.0
f2d80346f1dd6986e9e6611db7b708aa,bebes,52.0,446.0,1.0,50.0,16.0,2.0,11.0
1f64ec386a6be322e71596931f5d2377,perfumaria,46.0,499.0,1.0,200.0,16.0,22.0,11.0
b97114b2893e68400ae867459b491bcd,cama_mesa_banho,44.0,331.0,1.0,360.0,36.0,6.0,26.0
ef6aa884e3493fd38cc8ee47d8d79d10,cool_stuff,47.0,1392.0,1.0,150.0,16.0,7.0,12.0
769cc5a32d4e6c7710013f35a73d45e9,esporte_lazer,61.0,211.0,4.0,1100.0,32.0,5.0,30.0
e24f73b7631ee3fbb2ab700a9acaa258,fashion_bolsas_e_acessorios,60.0,1118.0,6.0,2250.0,22.0,15.0,20.0
0417855683de23ba1e20e8a358a5ac7c,automotivo,59.0,633.0,5.0,1475.0,68.0,9.0,35.0
11dc4053871ff53ff79fb1fc7e6b160f,esporte_lazer,29.0,347.0,1.0,1600.0,100.0,7.0,11.0
8729e9bc4b7f0422448d80ed35ae329d,beleza_saude,51.0,1918.0,1.0,1650.0,25.0,30.0,20.0
eced39e6c33db4b865ea46d12dde67d8,brinquedos,59.0,3492.0,3.0,650.0,35.0,10.0,15.0
bad5bc36e62c12c840045474c6dbe021,utilidades_domesticas,22.0,663.0,1.0,900.0,21.0,34.0,34.0
afce90df29b9a0c1bfe5e1033f1197b1,telefonia,42.0,356.0,4.0,75.0,19.0,3.0,11.0
06efa56b8557e1efcb2c107f55d1a8dd,ferramentas_jardim,60.0,481.0,4.0,600.0,19.0,7.0,14.0
fa9cf28beaafe4f4bec59550f6c76481,moveis_decoracao,47.0,470.0,3.0,400.0,35.0,6.0,15.0
0bb7cb61f1957f79dac582ab66ccdc1f,utilidades_domesticas,45.0,561.0,2.0,553.0,18.0,9.0,15.0
ad19bca6e0f1919433d7e21d534ddb50,livros_interesse_geral,42.0,1109.0,1.0,900.0,18.0,25.0,16.0
334995514673fb6bae67885458b52984,utilidades_domesticas,37.0,261.0,2.0,250.0,25.0,25.0,25.0
95578be74a242e7a0eae084908bbb5f8,moveis_escritorio,38.0,2088.0,1.0,14900.0,58.0,28.0,58.0
288d91794eb2b14fed9ed5e469cb87c3,cama_mesa_banho,52.0,701.0,1.0,1100.0,16.0,10.0,16.0
f72379337062680ca5a2b7b0275913d8,moveis_decoracao,56.0,945.0,2.0,2050.0,30.0,22.0,18.0
24f9f99148480cd31288ed4e7d962e15,moveis_decoracao,58.0,1953.0,1.0,850.0,69.0,11.0,11.0
4c505e52bedf9651c08793647c925e65,cama_mesa_banho,58.0,744.0,1.0,350.0,16.0,10.0,16.0
77c0d362526797bf132aaf564b1e436d,ferramentas_jardim,45.0,616.0,3.0,1400.0,20.0,20.0,30.0
c23381297fa734ea441a15d723199fb5,informatica_acessorios,60.0,789.0,4.0,200.0,20.0,20.0,20.0
8b6a57fbcf171e0a44f97af7af858939,informatica_acessorios,18.0,389.0,2.0,617.0,17.0,14.0,17.0
78bd107dbc2f94f453c1bac8d2b4ede1,utilidades_domesticas,21.0,718.0,1.0,2600.0,16.0,41.0,41.0
ef76ea9ee88ad60b9680c7635f2baaa8,bebidas,57.0,497.0,1.0,200.0,20.0,9.0,14.0
c8a0fe4fb537a7864e6aca0477a6da9c,cama_mesa_banho,44.0,305.0,1.0,2000.0,49.0,16.0,39.0
6bb81626d06fafb4d7eab61ac9ed70c6,beleza_saude,42.0,167.0,2.0,266.0,20.0,8.0,18.0
9339df4b551cc289617ed742b9af7925,telefonia,54.0,409.0,1.0,200.0,19.0,4.0,11.0
09c3d39641970009c198caed304ccfc4,bebes,52.0,1659.0,1.0,300.0,68.0,7.0,13.0
7130a7cfbe3bb2f11f6524e0cec6eafe,pet_shop,59.0,140.0,1.0,300.0,16.0,16.0,16.0
76fffd0056ad48fbddac939c05e05cff,relogios_presentes,54.0,182.0,1.0,200.0,16.0,2.0,20.0
e05646078b508ff048d63d3af7775ca1,eletroportateis,58.0,613.0,1.0,1300.0,20.0,16.0,20.0
15571dce56ff7d152dab99a0bc8354d5,esporte_lazer,50.0,1530.0,4.0,482.0,18.0,11.0,16.0
c571bd52d56c393e52b38a593da5950f,cama_mesa_banho,54.0,223.0,1.0,550.0,16.0,10.0,16.0
2efbce46d36d9af306d4300db163b276,beleza_saude,48.0,762.0,1.0,270.0,16.0,16.0,15.0
a453b4ccccf554efba31d5ada5a59a60,telefonia,60.0,818.0,6.0,300.0,17.0,4.0,12.0
0d79e2972015716ede4fabeb5b60f8c6,market_place,50.0,257.0,3.0,2150.0,40.0,25.0,30.0
2068e3435a38f6a3cc95ba89a96378ab,automotivo,58.0,894.0,1.0,3300.0,35.0,20.0,20.0
28e410092e56a080e14595c053d0bbe8,perfumaria,45.0,416.0,1.0,200.0,16.0,16.0,16.0
c5c66926b3f964b8cf9e7dfb1150d13e,esporte_lazer,41.0,128.0,1.0,200.0,21.0,9.0,13.0
3488d2ce36e718097c1509444289ef7f,perfumaria,40.0,1176.0,1.0,514.0,18.0,12.0,15.0
a0ff95d002b9e836b60b47e97a200f93,casa_construcao,37.0,426.0,2.0,3100.0,38.0,28.0,28.0
068ceaa8a3d9d385cbf53d5335f89f80,utilidades_domesticas,42.0,395.0,1.0,1200.0,27.0,18.0,23.0
a7b42937ab954b0e03bcf6cc35209940,esporte_lazer,56.0,813.0,2.0,250.0,16.0,10.0,16.0
fea2f92877b647dc07ea8e3f4aa2cf3f,brinquedos,35.0,537.0,2.0,7400.0,45.0,29.0,53.0
b52e7c92200ed9874e77bc09b5ed4d40,la_cuisine,57.0,232.0,1.0,7600.0,55.0,15.0,55.0
a8bb7885faf316d9a5062d42d2b2fba4,esporte_lazer,50.0,844.0,1.0,875.0,40.0,26.0,20.0
63f52009dc3ddb733394e80183aed0f0,moveis_decoracao,58.0,1047.0,3.0,700.0,35.0,7.0,27.0
2de11f4242720888f88ebe396a8332f7,moveis_escritorio,58.0,869.0,2.0,900.0,17.0,10.0,15.0
62224b433a431310bf27129938ad9f64,esporte_lazer,28.0,733.0,6.0,700.0,49.0,12.0,27.0
b2083bcfc8768380dd0e31d612e96d08,cama_mesa_banho,53.0,628.0,2.0,1100.0,16.0,10.0,16.0
93719014f156d3fa9e0511cd0ab96315,cool_stuff,34.0,443.0,7.0,1150.0,28.0,10.0,25.0
f86faff2fff9d021e363dc81bfd16930,cool_stuff,53.0,304.0,1.0,900.0,25.0,10.0,25.0
629beb8e7317703dcc5f35b5463fd20e,,,,,1400.0,25.0,25.0,25.0
5563f6b699b362e1bd6a2e1e650f52bd,livros_tecnicos,60.0,1265.0,1.0,2050.0,29.0,5.0,21.0
7e437c1d65a7baab7e7ca6c9f4e98b84,beleza_saude,57.0,1571.0,1.0,2150.0,28.0,32.0,11.0
012dd0e1c1f14325ee35f06748329355,beleza_saude,58.0,1690.0,4.0,490.0,30.0,5.0,25.0
b72e63f4630dcaded1689b28efa4c583,brinquedos,59.0,1272.0,5.0,1000.0,30.0,13.0,30.0
e791e580a2421e4471aebb0629c705c1,informatica_acessorios,57.0,991.0,4.0,200.0,16.0,4.0,14.0
aeeb6146e21d11416d01b0e03c2de06e,utilidades_domesticas,31.0,580.0,2.0,500.0,19.0,13.0,20.0
e91f30f35875789d4b7d14610aa88c15,cama_mesa_banho,50.0,208.0,1.0,500.0,16.0,10.0,16.0
3a78f64aac654298e4b9aff32fc21818,,,,,4300.0,30.0,10.0,48.0
ff7ac89ca5b77d0fb5f8a65262d73956,perfumaria,46.0,483.0,1.0,1000.0,20.0,14.0,13.0
1684f99c7e0e67403e52a7783366870f,automotivo,60.0,651.0,5.0,4200.0,78.0,4.0,47.0
7715f7da32957a84ad267799121a90e2,perfumaria,60.0,773.0,1.0,350.0,16.0,11.0,11.0
ac1290e4432c1f2662b71ac47da47691,telefonia,43.0,533.0,2.0,125.0,19.0,3.0,11.0
b23cfa104a0f297458ecebea590a33d5,telefonia,46.0,660.0,2.0,100.0,19.0,3.0,11.0
5b488b474a4f2519b7826390b1873a58,utilidades_domesticas,60.0,1206.0,4.0,4100.0,51.0,31.0,31.0
ce8a29973a1fed3f8d22ea5514d9ea07,eletronicos,56.0,505.0,2.0,200.0,20.0,20.0,20.0
4c7d111494b1116a2bec5e2d940e3439,consoles_games,39.0,319.0,4.0,300.0,23.0,3.0,11.0
4803f125e17a7b5fc363202349fbf14f,utilidades_domesticas,55.0,871.0,7.0,8400.0,50.0,28.0,31.0
7db409a594f815ca2267b5383d139ee7,utilidades_domesticas,60.0,314.0,1.0,1550.0,46.0,10.0,35.0
8fec581a22f1e87d7e0f0a0da4626a82,utilidades_domesticas,17.0,395.0,1.0,600.0,17.0,17.0,18.0
2ac6c3f94b62b0d60ac5b907bdb42cd4,fashion_bolsas_e_acessorios,56.0,1410.0,1.0,200.0,16.0,2.0,20.0
ad0e74d7a7848008daa87492dff8db9f,automotivo,57.0,1631.0,3.0,500.0,16.0,21.0,18.0
65ded196f8f1dbea9916be9b6fcfa0b7,construcao_ferramentas_ferramentas,50.0,289.0,1.0,1250.0,22.0,17.0,20.0
a4944a8b60acfe399f15f45892bc5639,informatica_acessorios,52.0,260.0,1.0,667.0,27.0,19.0,20.0
a314a62cff3e5725f545fa263aed7a7b,cama_mesa_banho,48.0,120.0,1.0,300.0,40.0,4.0,30.0
f159439c5c382fae366d444e05c590c1,perfumaria,52.0,365.0,1.0,400.0,18.0,18.0,12.0
083178fd17a5d863811733e46fc529ef,esporte_lazer,38.0,256.0,3.0,450.0,25.0,25.0,25.0
8eed5d27f5b8c6248731efb4782f6141,automotivo,41.0,1510.0,1.0,2800.0,16.0,2.0,11.0
39fab2af0c4e38ee29c6b8e05c81f93a,moveis_decoracao,60.0,438.0,1.0,250.0,20.0,6.0,11.0
70c325280f670aee445babb3400cf804,moveis_decoracao,51.0,535.0,1.0,250.0,35.0,5.0,25.0
f3dadecca4b876a315481c79b8adcf16,pet_shop,50.0,365.0,3.0,300.0,24.0,12.0,12.0
bcb815bba008d89458e428078c0b9211,,,,,150.0,16.0,2.0,11.0
e3ace35fe59021565fa9989acfdf8f3a,moveis_decoracao,28.0,196.0,2.0,1000.0,35.0,25.0,25.0
f9f899bf492ac59cf645a6c93eb91e05,moveis_decoracao,29.0,764.0,1.0,6267.0,36.0,40.0,36.0
590d6cb76092faa04d717fe406c66f88,esporte_lazer,46.0,254.0,1.0,2653.0,53.0,15.0,36.0
f0e14d7b2230a53543506024021cc3ef,moveis_decoracao,58.0,2130.0,2.0,3000.0,69.0,11.0,11.0
c01cc7b6054e22d68972a35df1e0c249,automotivo,54.0,1636.0,1.0,8500.0,18.0,29.0,13.0
2ca9132c1c90ff5060c3ff9047904e5a,esporte_lazer,43.0,877.0,1.0,2120.0,26.0,25.0,25.0
2043cae78c8b731c405c7329a05154b2,eletroportateis,52.0,640.0,3.0,750.0,30.0,30.0,30.0
89904bec271974d069685a6568091c8a,beleza_saude,40.0,684.0,2.0,200.0,16.0,16.0,12.0
3bcf64d8d26d6e06bd568d27fe31d8e8,cama_mesa_banho,56.0,198.0,1.0,1650.0,35.0,20.0,30.0
47de5f36ace720b578ca1b30d0b45b8d,informatica_acessorios,53.0,192.0,1.0,900.0,26.0,13.0,21.0
97250c682244b5b6618aec504ceb9656,utilidades_domesticas,55.0,783.0,1.0,150.0,32.0,5.0,16.0
df1ff6c9a263464ba1ea7cd3de5e8633,utilidades_domesticas,52.0,202.0,1.0,800.0,31.0,5.0,21.0
603751cec205d947f27ef1ab32b7fb26,cool_stuff,22.0,683.0,3.0,700.0,20.0,20.0,20.0
17da5d80ea0eeabd565083183027d588,bebidas,59.0,879.0,1.0,700.0,20.0,20.0,20.0
b5d214651360e2d58e13b48ae69c6199,bebes,46.0,1654.0,6.0,10400.0,100.0,23.0,27.0
a2f4e28e50f60566eeb99f842ffc0fd9,instrumentos_musicais,57.0,374.0,1.0,5850.0,40.0,9.0,105.0
9d0a2db5144d569d5ce5375bb0f4de36,cama_mesa_banho,39.0,347.0,1.0,75.0,17.0,12.0,17.0
41ae9f1ae64408cbe2b980a3227f04b3,papelaria,55.0,1349.0,2.0,1000.0,27.0,10.0,20.0
8f9dc141063eb39ea09a9df984895c50,automotivo,45.0,764.0,4.0,1475.0,32.0,28.0,28.0
05d7deab2f99410d5fa21a75deaa1fad,fashion_bolsas_e_acessorios,52.0,1383.0,4.0,750.0,36.0,18.0,36.0
84a77e7e0bd4806ffd493e8a8c37737d,papelaria,52.0,145.0,10.0,3600.0,36.0,8.0,15.0
1fd78e3ef5fc49eddd84e82c035b682c,moveis_decoracao,42.0,461.0,3.0,2200.0,28.0,28.0,38.0
955821b9200f75f399d091f381821044,eletrodomesticos,47.0,82.0,1.0,150.0,20.0,13.0,15.0
32e12dbd1df2c2b6831ba26dc8325d1f,casa_construcao,58.0,247.0,1.0,1750.0,30.0,20.0,30.0
48aaba1523759485364bcd94f4d4c4f5,esporte_lazer,54.0,1162.0,4.0,1300.0,44.0,8.0,30.0
dd2ca29c9d0f93d3b1d28d7d7ee3025c,moveis_sala,24.0,356.0,2.0,7750.0,33.0,25.0,33.0
cc95f2435cc780a6992154d6a29ff226,utilidades_domesticas,46.0,616.0,1.0,3100.0,32.0,26.0,21.0
1c36a5285f7f3b1ed2637d7c528ce5ff,malas_acessorios,21.0,769.0,4.0,1600.0,55.0,37.0,30.0
d899300bb0834fde956e80ce7ca0c958,relogios_presentes,58.0,635.0,2.0,350.0,19.0,13.0,13.0
9f22d89800e8f59f79d50aa9d732f5e2,beleza_saude,50.0,355.0,1.0,888.0,18.0,17.0,18.0
7486c1fa8968fae4af4c32882f72dbe6,informatica_acessorios,39.0,160.0,3.0,150.0,16.0,4.0,14.0
80a96c144008b8446632f872d3b1a3ed,utilidades_domesticas,46.0,193.0,1.0,1025.0,25.0,23.0,25.0
46a44fef61c4835cb2cc8f39f0ce0752,utilidades_domesticas,63.0,261.0,2.0,250.0,20.0,9.0,12.0
d2fac83bdc41acb845baf953df64155a,cama_mesa_banho,56.0,509.0,4.0,450.0,45.0,15.0,35.0
dbb00dd9b017066946537423958bd4ea,beleza_saude,50.0,546.0,1.0,1000.0,16.0,12.0,13.0
b2cadfc2d6da74fba3a372470641ba61,utilidades_domesticas,26.0,201.0,1.0,400.0,16.0,9.0,12.0
bb8248b78690e295b4978f78009e4b94,telefonia,56.0,367.0,3.0,150.0,21.0,7.0,14.0
3931aaf38ba4cc928100541ff51b82ff,informatica_acessorios,45.0,554.0,3.0,400.0,16.0,4.0,16.0
8cf7e354e6d9f04a09f4d59bc77dcc8e,construcao_ferramentas_jardim,55.0,749.0,1.0,9500.0,56.0,30.0,28.0
1a986b4015f20a3c26d8573a46dcf65e,cool_stuff,46.0,269.0,1.0,300.0,34.0,5.0,27.0
2ae501b303a5a8e6f75c8c36f366b2d5,perfumaria,30.0,138.0,1.0,150.0,22.0,7.0,16.0
f28fd17099749b33b6e5081515b2e797,cama_mesa_banho,44.0,421.0,1.0,550.0,30.0,5.0,25.0
4732ecf5e4abee8f7ff4d1b8df0f7af5,automotivo,39.0,1571.0,3.0,1100.0,37.0,12.0,30.0
fe849745fcdc6e1d6864539a2b13197f,beleza_saude,46.0,841.0,1.0,300.0,19.0,12.0,13.0
6b82874c6b51b92913dcdb364eaaae0f,,,,,21450.0,70.0,34.0,50.0
7193329f650facb78de86a2e0b771e2f,beleza_saude,57.0,1668.0,1.0,850.0,18.0,10.0,14.0
28f71b48a5f99f0bcf4642ae10352557,relogios_presentes,42.0,431.0,2.0,500.0,17.0,22.0,17.0
afa6d9a2f3ba0d5b06ccd5eb4bd2e29a,esporte_lazer,54.0,675.0,1.0,750.0,26.0,23.0,23.0
12827caf723c4ff8030d64dcffe3cdab,beleza_saude,59.0,3939.0,6.0,150.0,28.0,13.0,12.0
53f92b0474f91fcb5bd188c6a8075c38,utilidades_domesticas,54.0,2952.0,3.0,30000.0,76.0,51.0,51.0
52a646aa308987e28c375b41081de428,sinalizacao_e_seguranca,53.0,512.0,1.0,325.0,17.0,17.0,17.0
5d2754abdc85429bc7a4c37d52fbea43,fashion_bolsas_e_acessorios,53.0,770.0,1.0,200.0,16.0,2.0,11.0
4723ab93377036eb7e0c15dfca8c8ce6,telefonia,50.0,561.0,3.0,200.0,19.0,3.0,12.0
29608c81e9f1be14503667ecd1d35c63,esporte_lazer,52.0,473.0,1.0,200.0,20.0,15.0,15.0
c68b419d9c6038271b85bac98adb0fc9,,,,,1000.0,16.0,14.0,30.0
e19c8e70d39de9646d64163a66051797,fashion_roupa_masculina,32.0,713.0,2.0,800.0,20.0,7.0,20.0
0c03a930e654a5f1ea08f95a5c67d076,beleza_saude,48.0,589.0,1.0,700.0,20.0,16.0,17.0
ba17dd83b93da33a4483ba301644f40a,relogios_presentes,60.0,394.0,6.0,250.0,16.0,2.0,11.0
1dce3fd38c13a3e74fe5000f33858442,automotivo,58.0,674.0,3.0,1800.0,22.0,10.0,18.0
4e80e5fbd1f7a5e67501d0e1573abf98,relogios_presentes,51.0,393.0,1.0,300.0,19.0,13.0,13.0
75747bce1abad71ec9edfb9ca6dd509c,livros_tecnicos,42.0,492.0,1.0,450.0,29.0,2.0,17.0
2b1e141d70cf9e03eae19784eb427c24,informatica_acessorios,57.0,761.0,1.0,400.0,16.0,21.0,15.0
d806210810eb8942d0ea5b17967bb1c4,cool_stuff,59.0,988.0,1.0,1635.0,23.0,30.0,17.0
6a23ae3187f1dac41b7210a8c7739d6b,moveis_decoracao,52.0,832.0,1.0,750.0,20.0,35.0,20.0
bcb8826a092a057aedd93bb71d67c24d,beleza_saude,54.0,340.0,1.0,500.0,24.0,20.0,24.0
f102842fbe436027eeeb7fc76d3063aa,consoles_games,59.0,434.0,3.0,350.0,20.0,20.0,20.0
05d26098907b7bd26c0f92feefd10eae,brinquedos,43.0,389.0,1.0,200.0,18.0,13.0,16.0
4d777d8c652076edf63299034cc4c599,cama_mesa_banho,60.0,166.0,3.0,950.0,26.0,15.0,19.0
265928225c1358e74bf8668ff65096f3,brinquedos,25.0,119.0,1.0,300.0,16.0,17.0,11.0
860dd3635c61aba2d7ddea90b7d471b2,beleza_saude,50.0,1083.0,2.0,452.0,20.0,11.0,18.0
ee2405458ecf90c4d6e1c55a9680de91,brinquedos,60.0,919.0,2.0,17650.0,45.0,50.0,45.0
45852eb1811c96c22787d9a3cb3875dc,cama_mesa_banho,56.0,393.0,2.0,1100.0,35.0,9.0,35.0
b4a595a550a377a81bf10d27821fab6d,utilidades_domesticas,58.0,235.0,5.0,5250.0,35.0,15.0,35.0
44d958961868395bfe852e70d48081f4,brinquedos,31.0,254.0,1.0,200.0,16.0,10.0,11.0
5b706747080dcd34b3ebd803c25ccd65,relogios_presentes,52.0,654.0,4.0,340.0,47.0,13.0,13.0
4a37bc772078a013df64fd661ae5ee6c,beleza_saude,57.0,677.0,1.0,750.0,16.0,16.0,16.0
120ed962437fbd2a403ab98f630d8e85,cama_mesa_banho,58.0,430.0,1.0,2650.0,33.0,10.0,33.0
eae50b5c9a18c296b7fa904cf04406a5,moveis_decoracao,58.0,477.0,1.0,300.0,35.0,10.0,25.0
6ba4f83d1c821bb17fe0a917881258d4,utilidades_domesticas,50.0,1123.0,1.0,13600.0,16.0,65.0,60.0
477e9dd0ec1da08376e3e29bf434add9,construcao_ferramentas_construcao,59.0,711.0,6.0,1250.0,30.0,10.0,20.0
6668e2c5a29f47a016858f28a3673e4a,cama_mesa_banho,50.0,627.0,2.0,3950.0,33.0,14.0,33.0
dfc767a34d7f9f8ee72a3e9b5ed55f89,informatica_acessorios,32.0,1095.0,2.0,400.0,38.0,2.0,29.0
2b27cb23faa03f71607fcdd1539387f3,malas_acessorios,59.0,857.0,7.0,1100.0,35.0,14.0,29.0
ecac3b74dce5ab6c6a7b9eda9216cfcc,beleza_saude,45.0,379.0,3.0,200.0,16.0,16.0,16.0
1b726b3b028ce5af355fc94c066520d7,eletrodomesticos,60.0,230.0,1.0,425.0,39.0,17.0,39.0
8aebbc3445bef4a356ae41d226a7b5da,utilidades_domesticas,43.0,1129.0,1.0,22050.0,55.0,40.0,60.0
a963ea4d494221de09b70f1b4a70edbd,informatica_acessorios,58.0,240.0,1.0,150.0,35.0,8.0,11.0
ae48f03d1836c1021bf0babdf8b63dbb,utilidades_domesticas,46.0,290.0,1.0,800.0,20.0,8.0,20.0
67085b88a68c08cfe73132310f0574f3,moveis_decoracao,57.0,209.0,11.0,800.0,40.0,8.0,35.0
c51dc74a8b5018e82e9e44ef4b647227,perfumaria,60.0,418.0,1.0,650.0,16.0,10.0,11.0
89f46d1e213867388c2fac6078f5c06d,fashion_roupa_feminina,43.0,754.0,2.0,500.0,16.0,2.0,11.0
37c8b2425c9c0455491b06ad8671c224,cool_stuff,57.0,1255.0,4.0,198.0,17.0,9.0,15.0
1dcd65bb5dd967d7b4c6b0223cefb838,,,,,9150.0,33.0,30.0,44.0
8de2d2a80d4900fc699d4f52fbe8c43a,utilidades_domesticas,27.0,868.0,2.0,500.0,22.0,16.0,16.0
743faa1bbabdf4abcbd2443fcc33fca9,utilidades_domesticas,41.0,687.0,2.0,950.0,27.0,30.0,27.0
5ec9cc4e1217d387b9fedfa362b7bc24,automotivo,56.0,1310.0,1.0,3750.0,42.0,19.0,25.0
d24659126d5bbd0b1bacba3e8d17a978,esporte_lazer,32.0,513.0,3.0,250.0,16.0,6.0,20.0
88316766399e9545cb650c3ab70208a0,fashion_bolsas_e_acessorios,42.0,361.0,1.0,100.0,17.0,3.0,12.0
7c1043bb5837db0c6bc1953419a18628,papelaria,59.0,495.0,7.0,800.0,22.0,7.0,15.0
dfa872802d781798321a10f1ddadea82,construcao_ferramentas_seguranca,58.0,1720.0,3.0,200.0,17.0,7.0,17.0
593236d0ff46b4299b4787fb8d43f7f0,industria_comercio_e_negocios,44.0,1396.0,2.0,7225.0,16.0,103.0,25.0
984a3b9f9bb4c8feb319da951212696e,cool_stuff,20.0,740.0,1.0,50.0,40.0,30.0,50.0
2a27bdf5d36c733df107a86e44370254,beleza_saude,52.0,1976.0,3.0,425.0,20.0,9.0,18.0
060ea530ba6184d49f7b1cc031c4c97e,cama_mesa_banho,54.0,383.0,1.0,950.0,50.0,5.0,50.0
60e68dc2013929af2b3b5408e2da87fd,brinquedos,52.0,397.0,5.0,550.0,32.0,11.0,20.0
28a4dc65b49348e9de7f1aa7bfbabfd8,eletrodomesticos_2,59.0,319.0,7.0,14350.0,41.0,55.0,31.0
b1060f179d7f706565e347fbe00bf1b8,beleza_saude,32.0,1046.0,1.0,328.0,20.0,14.0,18.0
f66bfba86b78fa48e0834bb209e1555a,cama_mesa_banho,32.0,306.0,1.0,1950.0,58.0,15.0,46.0
74c94099baac38d7d352195da981626a,beleza_saude,36.0,642.0,1.0,700.0,16.0,40.0,11.0
270c3d76b5efb36480487920cec3e167,eletrodomesticos,57.0,335.0,1.0,1250.0,22.0,11.0,20.0
f911903162e5c7cfa48e5b803068b091,construcao_ferramentas_construcao,56.0,290.0,2.0,400.0,20.0,5.0,20.0
3a9705b35192e14929ed984f99ae4f65,esporte_lazer,55.0,936.0,3.0,2320.0,63.0,33.0,17.0
96bcd2d5266412b1a43593fe5b904536,ferramentas_jardim,41.0,394.0,1.0,2700.0,16.0,30.0,25.0
c20fbbd4ccf2f7da70e150689a6a905f,perfumaria,47.0,723.0,1.0,455.0,21.0,15.0,17.0
e8221ea20065e9f3bd2efda98b807cd3,fashion_bolsas_e_acessorios,38.0,366.0,3.0,150.0,16.0,6.0,20.0
9b76503b35ee45adf532e291d5c7de0d,cama_mesa_banho,51.0,115.0,1.0,2200.0,45.0,25.0,35.0
049b55359c60ea6403938b9e408f40b8,cama_mesa_banho,49.0,297.0,2.0,1400.0,37.0,23.0,35.0
e6d528652daa9f45b90b855c0596bfbf,casa_conforto,55.0,200.0,2.0,450.0,45.0,15.0,35.0
386486367c1f9d4f587a8864ccb6902b,cama_mesa_banho,54.0,120.0,1.0,835.0,40.0,9.0,33.0
84db874a1a2d895b0eece26cc9bb3dd3,cool_stuff,55.0,418.0,2.0,1250.0,36.0,16.0,24.0
483df9288035696f34225a7047591d13,informatica_acessorios,34.0,2457.0,1.0,550.0,26.0,17.0,17.0
fac0337908b983ba98c810f03d25f278,cama_mesa_banho,49.0,729.0,1.0,3850.0,20.0,30.0,30.0
0de11423be68ad641c9be1135450074c,cool_stuff,63.0,877.0,6.0,7000.0,22.0,52.0,27.0
d4de08feff9533e02efa79613935336e,cama_mesa_banho,53.0,681.0,1.0,1250.0,19.0,17.0,22.0
91e6a181c1ebe734ab459822cee89763,relogios_presentes,47.0,528.0,3.0,850.0,48.0,16.0,25.0
b687f7d54b34a215172bf55f9584584a,ferramentas_jardim,49.0,374.0,1.0,900.0,30.0,10.0,20.0
7e34dea6bf1b26c294d48bfc3fa41d9e,fashion_underwear_e_moda_praia,63.0,3140.0,11.0,400.0,16.0,5.0,11.0
af8215adef2df1e9e66642f159e81e55,relogios_presentes,52.0,585.0,1.0,400.0,20.0,11.0,19.0
644ede1cd3a7b877de774c66fd4abc78,esporte_lazer,52.0,682.0,2.0,1100.0,24.0,16.0,15.0
8bfd18c7b7358231b2a3f9ae98eed105,ferramentas_jardim,57.0,365.0,6.0,850.0,24.0,13.0,18.0
35255921c732e0e9319097469d856cd5,relogios_presentes,54.0,630.0,6.0,400.0,18.0,11.0,15.0
ed9b924bdbd0fd22c60aba6dddfbb6e5,audio,60.0,1046.0,1.0,675.0,22.0,9.0,16.0
7a33d7a1a85cb7db38bacbcc212a6013,beleza_saude,56.0,483.0,2.0,175.0,19.0,12.0,13.0
32f186a3f6239888c37adf90db857098,alimentos_bebidas,57.0,1322.0,1.0,1350.0,18.0,17.0,16.0
505bdfe93e66810bd2dfd42bcc61976b,informatica_acessorios,60.0,1503.0,5.0,588.0,20.0,17.0,15.0
216b222c2a8c6918d4203f3cbefb8568,utilidades_domesticas,41.0,897.0,1.0,450.0,20.0,10.0,20.0
bc86251d831265a9937ccfccecd6c224,automotivo,59.0,867.0,5.0,1500.0,68.0,9.0,33.0
d6d759f5b4285a0cc72404efa8c19632,esporte_lazer,25.0,267.0,2.0,1550.0,35.0,30.0,40.0
b3bcd6f54c943fecf8f51e0b988e5cc9,beleza_saude,46.0,1969.0,1.0,683.0,31.0,16.0,16.0
2a763f02c6a7a8ab7c1be0460ff891d0,moveis_decoracao,53.0,575.0,1.0,2500.0,35.0,9.0,25.0
fc37e09bb4dadd1eef5e92e954b1c72e,bebes,51.0,1243.0,2.0,500.0,30.0,6.0,23.0
ffc9d90bae2127e6a6ce6d6654267ebd,esporte_lazer,52.0,1113.0,2.0,300.0,20.0,34.0,44.0
9746ab6f7694c5e2fc9fe14befbb5c18,beleza_saude,44.0,820.0,1.0,350.0,16.0,16.0,15.0
c8149a123a4dccdd873b3de1e7867bba,cool_stuff,51.0,425.0,1.0,250.0,16.0,12.0,11.0
0eb8e03d4ef83152c4642b606b5bbdec,moveis_decoracao,47.0,348.0,1.0,2900.0,40.0,10.0,35.0
3f9d819e1669be4865fdcd717968bb4e,informatica_acessorios,23.0,1036.0,2.0,200.0,16.0,2.0,11.0
bdb0b11a36aed4d0d862a7037c838560,telefonia,45.0,742.0,3.0,383.0,16.0,12.0,13.0
464383c22e65860826cf78650fe0f4e4,consoles_games,49.0,781.0,5.0,200.0,16.0,16.0,16.0
9ead3847aad283a0842bde7ad9a9e7b3,informatica_acessorios,56.0,1173.0,1.0,1300.0,30.0,16.0,16.0
c4df35b0ef8a1996cd7118d81c1632ad,bebidas,44.0,744.0,1.0,4300.0,16.0,15.0,11.0
13387d462f74993d258b62f8f85fd9b8,beleza_saude,53.0,2610.0,2.0,150.0,16.0,7.0,12.0
c244b71b9f393724eaf2792a96427931,moveis_decoracao,59.0,589.0,1.0,400.0,17.0,8.0,17.0
f303e2cdf0967ef1a153d12f2685d280,cama_mesa_banho,58.0,262.0,1.0,1400.0,25.0,10.0,25.0
e1bb819e98ca4d6153c28872921f171e,automotivo,56.0,1108.0,6.0,450.0,20.0,15.0,15.0
cc68bcd2a2720e95aef8b6cb71f62ed9,esporte_lazer,54.0,660.0,1.0,154.0,17.0,10.0,13.0
88d1ed18fd38fa0ffeeb4b517ca42a9d,utilidades_domesticas,55.0,132.0,1.0,470.0,21.0,23.0,21.0
671446e8e3aa3df1eca47b6c354a2921,,,,,5500.0,33.0,22.0,33.0
d400b62525c30cb8ec0786613bb0d93f,eletroportateis,58.0,613.0,1.0,650.0,16.0,10.0,16.0
9fa0c72476690fbc66bcacc498fe7fd6,informatica_acessorios,34.0,1122.0,2.0,100.0,18.0,11.0,14.0
1fa4ef78e1b8f0afea31e4ae9578affd,cama_mesa_banho,55.0,739.0,1.0,1600.0,40.0,20.0,20.0
e619ceb6b2a4196772ddaa5c6e0368a7,moveis_decoracao,52.0,646.0,1.0,400.0,16.0,30.0,20.0
4079a95ae53890e5c268117864020aa8,cama_mesa_banho,60.0,298.0,1.0,2350.0,33.0,7.0,37.0
3e12358032a6a599d25d9fd630cec2e1,utilidades_domesticas,52.0,1301.0,1.0,975.0,31.0,12.0,21.0
9ff668529410eefd5bca723acb4834c1,moveis_decoracao,59.0,439.0,1.0,1800.0,30.0,6.0,20.0
ebf6a0215aa3523486a430e93f6d56ec,cama_mesa_banho,54.0,687.0,2.0,1150.0,32.0,5.0,30.0
a878ce3514b37e8bfeac8f881438b775,cama_mesa_banho,58.0,678.0,1.0,1250.0,19.0,17.0,22.0
ae6476ef6cf588ccb0bd009b62359b97,beleza_saude,60.0,950.0,2.0,1300.0,42.0,12.0,20.0
f0ea71b6e2ab4cb3bd8f5ba522a25a56,,,,,1300.0,30.0,20.0,30.0
fedccbd5e370e8ddb7aae6fb4cb70347,,,,,1200.0,20.0,20.0,20.0
38650206798cd31f659906705a0eff70,moveis_decoracao,58.0,275.0,1.0,1800.0,45.0,14.0,35.0
43267ceb81c34b7d49decd624671ccfa,ferramentas_jardim,54.0,2155.0,1.0,509.0,17.0,13.0,13.0
0011c512eb256aa0dbbb544d8dffcf6e,automotivo,58.0,177.0,1.0,100.0,16.0,15.0,16.0
61a53738adc5c0e8d243553320f9ba1c,esporte_lazer,59.0,1104.0,1.0,8809.0,52.0,52.0,17.0
ef1c1ac9af94321c7af51e984279cb6b,construcao_ferramentas_construcao,58.0,138.0,6.0,14900.0,48.0,30.0,48.0
457953cd3ce26e8f7c9037bfb9e19b14,moveis_decoracao,56.0,296.0,2.0,1050.0,100.0,7.0,15.0
54af11c815f92135fb554bd9c97dd418,cama_mesa_banho,57.0,520.0,1.0,950.0,29.0,10.0,25.0
5657897eec3381c5a9aaf19be83f16e2,cool_stuff,35.0,377.0,2.0,500.0,19.0,17.0,25.0
afb0d399cb1dec68de437eec41c94fad,telefonia,58.0,733.0,6.0,100.0,18.0,6.0,14.0
73c15f15e628e4ec389e0ed1cec48b15,cool_stuff,45.0,3033.0,5.0,12400.0,35.0,35.0,50.0
37d2e3656244fd840ebd0460360455cd,papelaria,36.0,215.0,1.0,700.0,45.0,10.0,31.0
25a675783383c8e0aa707b7e9063c925,relogios_presentes,39.0,700.0,2.0,253.0,18.0,11.0,13.0
0f2ee8171adfc13c81f69ff4dcb2b635,beleza_saude,45.0,1194.0,1.0,1413.0,40.0,16.0,31.0
e73a764ace9b74b912bea28a731f60e0,moveis_cozinha_area_de_servico_jantar_e_jardim,57.0,354.0,4.0,1150.0,27.0,15.0,16.0
f3979f97b4913d696bbe9c7c425c5e4e,bebes,36.0,654.0,3.0,18667.0,88.0,28.0,67.0
67ff96903c597ba4b1d7f668734bc3a4,construcao_ferramentas_jardim,34.0,376.0,1.0,65.0,17.0,12.0,17.0
49c8221f68acec04f84cc22c58be6c5a,pet_shop,54.0,947.0,4.0,700.0,36.0,12.0,30.0
5e6248437b2668bba62c0fdd71eaf72d,ferramentas_jardim,42.0,567.0,3.0,1075.0,34.0,31.0,34.0
d8160f4d642dacdcdb00f26b434a6033,pet_shop,42.0,244.0,4.0,4050.0,30.0,53.0,30.0
96341c5bd303e04bee20bcd01431dfaf,artigos_de_festas,60.0,430.0,1.0,200.0,16.0,6.0,11.0
8375cac77900898b899b33ef7b966bb0,cama_mesa_banho,35.0,2618.0,1.0,1200.0,16.0,22.0,11.0
e13cf83849f5e6cf2b946de4ca48bf2c,pet_shop,57.0,651.0,1.0,500.0,25.0,15.0,20.0
d48782d1a53a65a84d63efd6aabd4f03,construcao_ferramentas_construcao,38.0,409.0,2.0,8817.0,43.0,24.0,47.0
25a048d00b596eeac27424b4e897f07e,musica,50.0,364.0,2.0,100.0,24.0,11.0,16.0
914a1be6110e7ce3289dbf55ec0d9704,cool_stuff,58.0,989.0,1.0,2050.0,42.0,25.0,15.0
4cbccd77b25ad10677a460380987eaf3,moveis_escritorio,42.0,2115.0,1.0,13600.0,58.0,28.0,58.0
00a985c524adbb97a4211e4ce17aabec,telefonia,58.0,734.0,3.0,250.0,17.0,4.0,12.0
ae4a8a8e8a8f8850c720e68c182b1625,eletronicos,60.0,300.0,4.0,24050.0,80.0,30.0,60.0
dbbda25f6b7c74669cf2203b2e3139a0,beleza_saude,59.0,1935.0,3.0,300.0,27.0,11.0,15.0
ba3fea9ec13fb882dda6c9e4295d9130,relogios_presentes,55.0,266.0,3.0,667.0,20.0,17.0,18.0
29ea1bc54f78267f6e85b9c99c93e12a,construcao_ferramentas_construcao,58.0,339.0,1.0,7100.0,29.0,8.0,29.0
f50df9b142a624bf4c4d8495489a207e,brinquedos,60.0,804.0,1.0,600.0,23.0,25.0,20.0
f0a8b25a0a4f80f60eed4e1fdc3d477c,beleza_saude,59.0,374.0,2.0,1450.0,38.0,31.0,24.0
121b9686b9929855d823981fc655a6fe,utilidades_domesticas,55.0,747.0,1.0,6250.0,53.0,23.0,28.0
c2aedc6c0521b9c1fd928f2b2375d5d6,telefonia_fixa,28.0,1252.0,3.0,400.0,20.0,30.0,11.0
0a2fff0d95ef3bbb7dffc618f9542ba9,relogios_presentes,26.0,567.0,1.0,283.0,18.0,12.0,13.0
e792f2bb275bdea9b6076c2acbb5abcd,perfumaria,47.0,1090.0,1.0,850.0,16.0,14.0,11.0
60bb4500843105345ef9541e59a7a87a,cama_mesa_banho,58.0,871.0,1.0,1200.0,40.0,10.0,37.0
7ffd59e4a33610e863f39cd3040ae7b1,automotivo,48.0,557.0,4.0,350.0,44.0,17.0,30.0
20d672f52195d2c20168f758a77303d6,automotivo,51.0,93.0,1.0,200.0,16.0,15.0,15.0
3b2d98c62a89221177c0f6213256816b,telefonia,55.0,316.0,2.0,150.0,16.0,4.0,11.0
9dbf7eb5228b2070008a2e331b114512,informatica_acessorios,35.0,1101.0,1.0,250.0,42.0,2.0,30.0
5ad04927f75f1ec98ff4458470452b01,malas_acessorios,41.0,1047.0,1.0,2240.0,76.0,10.0,14.0
bdf5efab9b8b85e6a49603007646f763,livros_tecnicos,25.0,2021.0,1.0,213.0,21.0,2.0,14.0
e000ecbb2e86143e74b3b2c3cf15f21e,brinquedos,60.0,196.0,4.0,1150.0,30.0,30.0,30.0
19d97e807df39d7af6311ba423eaecc3,cama_mesa_banho,59.0,273.0,1.0,8850.0,16.0,10.0,16.0
dd7c7650c31d56afe11234bfd0a1e1ea,moveis_decoracao,58.0,1969.0,2.0,3000.0,69.0,11.0,11.0
46fd22a153db867285b826a2c62b446b,utilidades_domesticas,58.0,803.0,3.0,10900.0,71.0,25.0,45.0
b6665355b9d865e088250a5c8d7b36c1,brinquedos,58.0,246.0,1.0,300.0,37.0,20.0,20.0
29c131c43e662b738339aafcc0ba00fc,moveis_decoracao,32.0,926.0,1.0,600.0,17.0,17.0,17.0
b415213dee0b8051901b7ebe5a6b99f4,fashion_bolsas_e_acessorios,51.0,1081.0,1.0,415.0,23.0,19.0,18.0
6af5a2183cea4408f4292dd86be5f667,brinquedos,54.0,457.0,1.0,400.0,30.0,10.0,20.0
296ae6fd1ff55a39b63dbbb3ea7a36a0,cama_mesa_banho,59.0,796.0,3.0,8150.0,50.0,20.0,40.0
5ade9eaa68986ae388b9d6ba2aa185e8,moveis_decoracao,60.0,956.0,4.0,5250.0,66.0,15.0,33.0
aff4c4ee166f76b66595e0bcfb983d5b,consoles_games,49.0,472.0,1.0,700.0,20.0,15.0,20.0
21e72a490cbe93ed7aa675d2b1ae105a,informatica_acessorios,53.0,240.0,1.0,650.0,34.0,15.0,15.0
913dfadde395f6049127173cfbb96121,informatica_acessorios,24.0,718.0,2.0,200.0,41.0,2.0,29.0
17d4764518c5a017b128060439d1559f,cool_stuff,44.0,854.0,3.0,1000.0,35.0,28.0,16.0
31eb78f384a585823382f8963cdf5849,papelaria,57.0,223.0,4.0,1500.0,60.0,20.0,29.0
91ad72a5e0313d764d9603f18f2c3658,telefonia,59.0,486.0,1.0,253.0,20.0,10.0,18.0
85f17a3ccc10ef41645833b7074f3d63,papelaria,42.0,148.0,4.0,800.0,29.0,10.0,25.0
cedc0a95516e84ab083db0319e55003f,automotivo,58.0,1590.0,4.0,7350.0,24.0,69.0,53.0
ca078ba5884f07fd8e2ec7f7b13556f1,moveis_cozinha_area_de_servico_jantar_e_jardim,60.0,356.0,1.0,4400.0,27.0,27.0,37.0
01cf8c7364048b4b6ed0fe400667054d,brinquedos,42.0,241.0,1.0,1200.0,30.0,16.0,20.0
c20e9c8a7361bfa0d6530ab73075921b,beleza_saude,49.0,1216.0,1.0,1600.0,20.0,20.0,20.0
d88cd106d68ac93feccee719004d247d,informatica_acessorios,25.0,153.0,3.0,250.0,16.0,15.0,15.0
1ecaa47c3ade7f098ca5dd97e8dcb018,telefonia,54.0,653.0,1.0,150.0,19.0,3.0,11.0
212cc0fa7359ab242a697a03a574f719,,,,,200.0,16.0,2.0,11.0
233ad2cdae25fbf46f0d090b678d23f4,market_place,53.0,213.0,3.0,775.0,35.0,9.0,15.0
6a944207f516a3e570fb1205489438bf,brinquedos,63.0,784.0,1.0,300.0,20.0,7.0,20.0
2fffbf105cbbc6e86144f00ecf571635,beleza_saude,41.0,763.0,1.0,150.0,20.0,10.0,20.0
6b7879a37ac2dbe5289a16706e859870,,,,,950.0,45.0,12.0,30.0
606bfa78f6209099f25529bb1211522f,moveis_decoracao,40.0,241.0,2.0,4000.0,52.0,6.0,52.0
2039ecc2a76b653fb536a86a570e66d8,esporte_lazer,57.0,407.0,1.0,500.0,20.0,6.0,15.0
59911136c59b2dd04ddce80d592b55f3,esporte_lazer,31.0,447.0,1.0,100.0,16.0,6.0,11.0
af76a54b712e9cab85d2824e96c56ff8,automotivo,60.0,505.0,3.0,200.0,24.0,2.0,17.0
201ec8e4fb8456dd06265be68eb419a7,moveis_decoracao,52.0,1743.0,2.0,800.0,68.0,8.0,13.0
dcfe76be1e1036cb99e5d8bdc2a1b1c9,esporte_lazer,26.0,3694.0,1.0,300.0,20.0,10.0,15.0
b9fc59d07b4a88505e53e11d17097cef,esporte_lazer,58.0,1042.0,1.0,2000.0,28.0,8.0,15.0
6acf371d62b424190897033ef93947bb,telefonia,25.0,1052.0,5.0,300.0,16.0,7.0,11.0
ca17b18b38db6e0d2c33d362322f2a06,livros_tecnicos,32.0,2228.0,1.0,1900.0,30.0,6.0,30.0
2b250e4c796f4ce9da7ee0465bd1b574,musica,43.0,656.0,2.0,783.0,16.0,8.0,15.0
6c90c0f6c2d89eb816b9e205b9d6a36a,informatica_acessorios,41.0,260.0,1.0,775.0,21.0,18.0,26.0
a98ce95e720b49857fedbcfbdf21e8de,utilidades_domesticas,55.0,716.0,1.0,1400.0,25.0,35.0,35.0
1cac2c9aee1db62c108da2205880e09c,utilidades_domesticas,55.0,536.0,1.0,600.0,28.0,18.0,17.0
588e30c9b715a9158d6431ae94c25fea,fashion_underwear_e_moda_praia,40.0,549.0,3.0,200.0,30.0,30.0,30.0
2a9b9ab4785e67b8ff4f1e6fcba1de7e,utilidades_domesticas,44.0,919.0,2.0,1000.0,29.0,19.0,21.0
a5170485f5eec8e991a69da0231fd5c5,utilidades_domesticas,50.0,379.0,1.0,1100.0,25.0,22.0,21.0
20ee98f10c16f05a43db060ab1cbfd7e,fashion_calcados,48.0,375.0,6.0,100.0,29.0,7.0,16.0
0fa0bd7ef862a1a28d6cd9701fc97f6c,instrumentos_musicais,50.0,1053.0,1.0,400.0,19.0,11.0,19.0
72bb19eb8886399d5a46785146792ba7,utilidades_domesticas,59.0,889.0,2.0,250.0,20.0,5.0,16.0
613d093272cb8f74f25a01e430155a6a,agro_industria_e_comercio,39.0,326.0,1.0,1050.0,38.0,41.0,39.0
44e8945e17aef03daaecbc4bbab7f730,,,,,200.0,16.0,2.0,11.0
680ca98a72aa9722523fa2006f858f77,fashion_bolsas_e_acessorios,48.0,248.0,3.0,300.0,30.0,26.0,22.0
c293414ca6dacfb6085739783def4ef6,brinquedos,52.0,706.0,4.0,2450.0,23.0,7.0,23.0
01b154ceb5457897eb28b9e549f28219,papelaria,54.0,447.0,1.0,400.0,25.0,10.0,17.0
d0f5d2822e06a19526cb384022af2a9a,moveis_decoracao,55.0,743.0,1.0,2200.0,34.0,8.0,22.0
2d6676e04aac85ce66dcf8d0529f4012,perfumaria,46.0,458.0,1.0,500.0,20.0,12.0,15.0
f1202530b474dade246e7fe77cdda463,cama_mesa_banho,58.0,373.0,2.0,1700.0,34.0,10.0,34.0
95e18e6f72e096de84ad972456780aa0,beleza_saude,49.0,166.0,1.0,325.0,25.0,10.0,13.0
5b4341a1e617e4d33c3305158ff03c69,esporte_lazer,36.0,1581.0,1.0,150.0,18.0,7.0,14.0
da86f2cc2faf840b7b86390726b88905,perfumaria,37.0,107.0,2.0,200.0,22.0,3.0,11.0
13191128a8f50089d2ed9b7a25dc21df,construcao_ferramentas_construcao,56.0,1087.0,4.0,6250.0,55.0,14.0,44.0
95f2828625576b34ab861ef4b029a7fd,fashion_roupa_masculina,33.0,939.0,2.0,950.0,40.0,6.0,35.0
e9f4a2b16f44a27e454037659cceb20f,automotivo,47.0,84.0,2.0,200.0,32.0,8.0,26.0
1eb44be9d824d20602d68a0f3346d8d7,cama_mesa_banho,55.0,148.0,1.0,6200.0,35.0,15.0,25.0
af5dce27d2097e3cbfeb25ad9eac092c,cool_stuff,52.0,330.0,1.0,1650.0,33.0,44.0,19.0
3abf2d4698bf245577543ea01d9c7f16,,,,,200.0,22.0,14.0,14.0
33202a8e7a645388c41ed714203d7131,alimentos,45.0,911.0,1.0,3350.0,20.0,21.0,20.0
99d1f27bf9ea0392ab69d0203c6efdc4,perfumaria,60.0,1772.0,1.0,150.0,16.0,16.0,15.0
b7f70c625521ad94f77e9aa1218fd9fa,pet_shop,60.0,1614.0,1.0,2900.0,83.0,82.0,12.0
99b4596b82b6f75d453160c9c75e01f4,artigos_de_festas,36.0,378.0,1.0,1550.0,23.0,17.0,18.0
096b3aa9d2c93af82434f196a713ad74,automotivo,53.0,366.0,1.0,5750.0,30.0,19.0,31.0
9e3fb85220e7c0d45fab9a93288ec717,automotivo,52.0,1304.0,1.0,200.0,18.0,9.0,13.0
29589c613b8c17e6fe91da9af08ed148,automotivo,45.0,736.0,3.0,350.0,25.0,10.0,20.0
e834949329e7a91948b7c8a01f508b6d,papelaria,51.0,59.0,1.0,100.0,16.0,5.0,16.0
1fceb6597ec80646345b1d8517b48cb2,malas_acessorios,42.0,413.0,1.0,700.0,16.0,30.0,20.0
9a3d13559997d2639ebd02e75913b799,beleza_saude,51.0,495.0,1.0,233.0,18.0,16.0,14.0
35c5e00f6a23366ce44aaedc05da015d,esporte_lazer,41.0,194.0,1.0,100.0,25.0,20.0,20.0
ca26080d8f0fa848c329fe732f5e34e8,,,,,1800.0,25.0,25.0,25.0
bae8ac5e125a98fe445bc17714104709,malas_acessorios,57.0,455.0,3.0,10700.0,40.0,100.0,16.0
bfd9a39f1774d4ca8773f1f42f09d187,bebes,60.0,849.0,5.0,750.0,50.0,5.0,40.0
1a2ece70966710dec441aa587993b5b4,,,,,300.0,27.0,5.0,18.0
59f8cb217c16b9d838ab8f6d92fd2eea,automotivo,32.0,1313.0,2.0,250.0,18.0,19.0,15.0
b73e7ccdd22c0bb891a93ec7d80b717f,esporte_lazer,44.0,233.0,5.0,461.0,18.0,10.0,14.0
3647983375e701c3f089068b5fc0cf98,automotivo,60.0,1146.0,1.0,4000.0,65.0,25.0,25.0
1cb4e06ac5f21ccde771561d17ec0afb,cama_mesa_banho,50.0,353.0,1.0,1250.0,16.0,10.0,16.0
f7740e5b4337a3cc4a8a204553101a85,beleza_saude,43.0,876.0,2.0,543.0,30.0,12.0,16.0
0776155007ad20447a0b0f91d4aad644,alimentos_bebidas,42.0,2263.0,6.0,1000.0,28.0,13.0,13.0
0ca31cd8916e06a977f3596faddc6852,automotivo,60.0,703.0,6.0,9050.0,56.0,11.0,32.0
a928a2cfd4d897610150b956e89a4e56,cama_mesa_banho,58.0,774.0,1.0,1550.0,32.0,8.0,29.0
bfae0d55eef43da69474aadac456cbe4,esporte_lazer,56.0,1494.0,1.0,300.0,20.0,20.0,20.0
5f4bceafafc1903556735cb7f2842e78,,,,,200.0,16.0,2.0,11.0
8ce6ed44410ccff5e5437f5d1ec012e4,beleza_saude,47.0,886.0,4.0,500.0,30.0,14.0,16.0
1c12e2e95f36322f3a5ab8153a76bd73,utilidades_domesticas,52.0,303.0,2.0,9900.0,61.0,31.0,31.0
64cb768ce668c3df58334a28d528b754,brinquedos,41.0,517.0,1.0,875.0,65.0,23.0,20.0
3932e37f1f658768ac53fbe680f145bc,cama_mesa_banho,60.0,850.0,1.0,1100.0,40.0,10.0,30.0
4b232d5c1ec0ae0d9cc9529b97d75984,instrumentos_musicais,56.0,349.0,3.0,200.0,16.0,12.0,20.0
f99af3a3d10f7a52df7eb10abd1b72be,telefonia,55.0,880.0,3.0,50.0,18.0,6.0,11.0
bb9aa579b534cb9d96b38fcac94759b6,eletronicos,55.0,1702.0,5.0,750.0,21.0,10.0,14.0
75f3ef6a5cb0f2d5aeef15925f0ccf69,consoles_games,50.0,429.0,4.0,530.0,18.0,24.0,18.0
a24b0a4730a6f5b13a3502fb5065a814,moveis_decoracao,50.0,314.0,1.0,400.0,40.0,15.0,40.0
d6637aee74ba05e42bc17a047c335209,beleza_saude,55.0,1181.0,1.0,250.0,16.0,11.0,14.0
aea9f47e0e6dea45f3ad01ce4528f1bf,esporte_lazer,49.0,375.0,2.0,2000.0,20.0,40.0,30.0
1fd68fefef8ff576fc3fac7db97f67f1,cama_mesa_banho,53.0,558.0,1.0,2400.0,41.0,11.0,36.0
ce87eb0f80420c505b53adef21bf93d6,livros_tecnicos,18.0,612.0,1.0,500.0,23.0,2.0,16.0
f997c8ca952938be7b2d487f761c7e76,telefonia_fixa,50.0,78.0,1.0,99.0,22.0,3.0,16.0
aea89e156fe6705b458e900a8790af90,esporte_lazer,45.0,179.0,1.0,1150.0,16.0,12.0,12.0
dd1b2eb34840957a13204dd3dbc588bd,cool_stuff,52.0,673.0,1.0,175.0,30.0,20.0,25.0
cffa43acc63e8225bb6889f3c3bd74e3,beleza_saude,57.0,991.0,1.0,217.0,17.0,13.0,15.0
a2b35668d3b4c6f34b35c9f702ecc5b9,fashion_bolsas_e_acessorios,42.0,831.0,1.0,100.0,16.0,5.0,16.0
5773723f7819ffb88c5c758f8f8c183c,perfumaria,54.0,909.0,2.0,700.0,20.0,20.0,20.0
bad25f9c179bd093af5ce28af7fd40f5,informatica_acessorios,36.0,218.0,1.0,900.0,30.0,14.0,11.0
9291234bfd76d396f56b5175d435dd84,moveis_decoracao,40.0,274.0,1.0,200.0,27.0,10.0,12.0
f5287cac0d71b68c9cbf57fe0e19181e,automotivo,49.0,199.0,1.0,2800.0,95.0,7.0,33.0
83ef44e104d09603c783f1cc00cff82a,relogios_presentes,58.0,591.0,1.0,500.0,16.0,11.0,11.0
8792f8b694229e5627aa6a15cf912052,utilidades_domesticas,48.0,204.0,1.0,1150.0,19.0,22.0,19.0
de7d3a484ee73d0be8b0b3518f910201,esporte_lazer,56.0,1100.0,2.0,300.0,30.0,20.0,40.0
b4c8d3313b98fd124a787b571ac94148,utilidades_domesticas,58.0,102.0,1.0,200.0,30.0,40.0,30.0
11970aff9a8cf29a520127d0d8100901,moveis_decoracao,53.0,1750.0,3.0,2550.0,105.0,3.0,70.0
c24f692e0f20f854c24c31517610ba7c,telefonia,54.0,1057.0,6.0,200.0,18.0,3.0,16.0
c8aa3a6754ab1ad362858eca26f58c8b,cama_mesa_banho,64.0,409.0,2.0,10900.0,45.0,15.0,35.0
9b393d3360316521a943267765a47fbf,beleza_saude,52.0,572.0,1.0,300.0,17.0,14.0,14.0
d3f4f3de0f4576184674937d1e9cecca,brinquedos,51.0,122.0,4.0,450.0,20.0,31.0,30.0
53b36df67ebb7c41585e8d54d6772e08,relogios_presentes,33.0,523.0,3.0,584.0,16.0,11.0,13.0
9b191ab94826390cd135c837fb7bc881,cama_mesa_banho,56.0,729.0,1.0,2700.0,20.0,30.0,30.0
b5075db67f027daed66cc97a6626a7b8,cama_mesa_banho,58.0,663.0,1.0,4200.0,34.0,10.0,38.0
9ce90721c582bede1c152150a883b801,brinquedos,54.0,240.0,1.0,300.0,20.0,20.0,20.0
4a0c2a56e65c941a0bb9874c47dd66d8,cama_mesa_banho,58.0,2375.0,6.0,1400.0,30.0,20.0,26.0
a56af7192032f295ac582a2d70e4caba,telefonia,57.0,1887.0,2.0,600.0,23.0,18.0,20.0
6b1b29dd58c0342e04f9063e070bd6ac,cool_stuff,52.0,894.0,1.0,2250.0,34.0,52.0,30.0
361b81e3cae3b21bd0119793c5399717,artigos_de_festas,45.0,499.0,6.0,4500.0,102.0,12.0,12.0
66b5f91356d928ae807ab4ee547f5e3e,pet_shop,47.0,115.0,6.0,500.0,20.0,20.0,20.0
61aa436324fa31453598a454e10b2cb7,esporte_lazer,55.0,800.0,1.0,900.0,23.0,18.0,18.0
97593959fc8ee0c67ac6c5a33fe61f4b,relogios_presentes,55.0,943.0,4.0,450.0,16.0,11.0,12.0
96f6baf4d6a2f7c90932573600903489,casa_conforto,30.0,503.0,1.0,700.0,18.0,12.0,18.0
1e56c680b07833e85fec6904b2c7e4b8,pet_shop,58.0,502.0,4.0,200.0,27.0,9.0,26.0
1ac09f60f3c3bc2021c637ef23fa3248,brinquedos,31.0,735.0,3.0,600.0,20.0,20.0,20.0
e4003447524c275bcd706d07068b3f3d,telefonia,25.0,287.0,1.0,75.0,19.0,3.0,11.0
d389bacae4eb98af95b782dae3b7f03a,relogios_presentes,50.0,589.0,2.0,600.0,19.0,10.0,15.0
73deb4d29b1361deb8e78b75478f210e,esporte_lazer,60.0,1596.0,3.0,750.0,30.0,11.0,20.0
baf76b06184501269d8e44228cc940ac,automotivo,60.0,332.0,2.0,100.0,16.0,5.0,16.0
c2df3d01bc5d236c85400b0d432bf97b,consoles_games,15.0,728.0,1.0,110.0,17.0,2.0,14.0
98600823ba81f3ba76386dac7c31ee06,beleza_saude,47.0,1115.0,3.0,125.0,24.0,12.0,20.0
036734b5a58d5d4f46b0616ddc047ced,telefonia,58.0,751.0,5.0,300.0,17.0,4.0,12.0
e29f2f8197f332ab172ad9ea6566853d,informatica_acessorios,59.0,445.0,1.0,133.0,16.0,12.0,15.0
dd7a209a646c04c176d7e9e9c855eeac,esporte_lazer,51.0,546.0,3.0,750.0,23.0,28.0,38.0
e7ef7e0bc312196681f8304cf7ddd92e,automotivo,37.0,269.0,3.0,6700.0,70.0,25.0,22.0
893c4e4b07dcb5a590645ddeb8894cb5,moveis_cozinha_area_de_servico_jantar_e_jardim,60.0,137.0,1.0,16900.0,40.0,30.0,40.0
2954628cc646e129a849918ab2b366ee,automotivo,59.0,651.0,5.0,4200.0,78.0,4.0,47.0
71685103d269d757074595a20bb82211,telefonia,60.0,776.0,6.0,100.0,17.0,4.0,12.0
bc7496ccc90a64c022a56021c65c9cda,utilidades_domesticas,28.0,238.0,1.0,150.0,26.0,16.0,16.0
c1b555c58d48d228480072f1492cc14f,cama_mesa_banho,42.0,331.0,1.0,550.0,23.0,37.0,35.0
a22f707cfd269773138c3bf3a43f6180,moveis_decoracao,25.0,253.0,3.0,7000.0,25.0,25.0,25.0
b98546b83abd474d9517e36a1eddbc22,esporte_lazer,56.0,617.0,3.0,1100.0,32.0,9.0,21.0
13ccab6df565f4b742fcd81031be9aaa,brinquedos,44.0,1250.0,4.0,3850.0,35.0,26.0,41.0
1860b96949f9ff0adcd5e2c340d32e12,automotivo,51.0,966.0,3.0,800.0,21.0,8.0,14.0
87aa68bb4f8c5d53b7a6a496ce10d86c,pet_shop,55.0,703.0,1.0,1500.0,50.0,30.0,33.0
a1766f2d27b4e90a0d78d8e115295399,perfumaria,58.0,942.0,2.0,450.0,16.0,16.0,22.0
1fcaf044ff67ca59df3f6cc560d9fbfc,esporte_lazer,31.0,958.0,3.0,2350.0,92.0,4.0,24.0
654feb81aa65850b1962980f21be1525,beleza_saude,51.0,309.0,1.0,700.0,28.0,10.0,11.0
fddede0d4854d07dbb9bcf3b090697f3,automotivo,53.0,357.0,2.0,500.0,16.0,16.0,12.0
a1fcd4b731530eed7fa5531f3f0c2fe0,cama_mesa_banho,51.0,231.0,1.0,2100.0,40.0,6.0,29.0
4b54c1f607b7a55ec9a34555b5607539,automotivo,57.0,703.0,6.0,4700.0,47.0,19.0,23.0
5445335704bf8a32827f3bf6b9701ed9,esporte_lazer,39.0,468.0,1.0,200.0,20.0,20.0,20.0
88cd1536cced07ce8b7eb699521f841e,cama_mesa_banho,55.0,514.0,1.0,900.0,16.0,10.0,16.0
1175dc374bce5c9d93c4d4281d8d85d7,perfumaria,52.0,693.0,1.0,400.0,18.0,18.0,18.0
5c3f833c3941c6353fd0cc51686a1101,informatica_acessorios,54.0,1785.0,1.0,7000.0,57.0,11.0,52.0
cb57afec681197430ddab41d90304aba,esporte_lazer,55.0,416.0,1.0,400.0,22.0,5.0,20.0
ffa5d8273d8e03363bb4014de3f89dce,pet_shop,50.0,619.0,5.0,1150.0,40.0,20.0,30.0
2c71e9b9845634cb1ea6285a8f3cbf50,eletronicos,54.0,381.0,2.0,100.0,16.0,8.0,16.0
31a3ac2bdbd4af5074e25c5e92ca71ab,casa_construcao,57.0,707.0,1.0,10100.0,30.0,61.0,30.0
2500fb88ba75d71bd264e88b4da5b44b,telefonia,55.0,370.0,1.0,250.0,16.0,8.0,11.0
95b6e8160fbea38f306a26e66a6465a3,automotivo,59.0,555.0,1.0,4500.0,59.0,10.0,59.0
003128f981470c3e5a2e7445e4a771cd,esporte_lazer,59.0,1100.0,6.0,1550.0,16.0,10.0,16.0
8058b0067728a211c68874081e7352d4,esporte_lazer,56.0,1720.0,1.0,1000.0,20.0,20.0,14.0
57b46ac6f5503699255bab6cdde8222f,cama_mesa_banho,58.0,184.0,1.0,3000.0,55.0,25.0,35.0
3ac52f93c2299daa201fbb7ff36546f7,informatica_acessorios,60.0,401.0,2.0,150.0,16.0,5.0,15.0
ac4005f3f9d2fba6bb8feb0ee1dc1395,utilidades_domesticas,30.0,167.0,1.0,2150.0,21.0,4.0,71.0
45af837344fa95e1fb3a840e9ffd8bf4,esporte_lazer,49.0,515.0,1.0,550.0,27.0,25.0,25.0
375478581c97832540b9209722a32058,bebes,60.0,566.0,1.0,17600.0,65.0,36.0,45.0
d31bf2a9527a3b785e229da07cbb86af,utilidades_domesticas,30.0,299.0,2.0,250.0,16.0,23.0,14.0
fe705ffbaa3804c5562b8b1046157a6c,beleza_saude,46.0,803.0,1.0,350.0,22.0,3.0,15.0
155eae0f604655ce68005b34cb88b7c9,construcao_ferramentas_construcao,52.0,3500.0,3.0,2700.0,16.0,11.0,11.0
e9896cd67d67e394cc2d3b0ecfd11eb2,malas_acessorios,56.0,488.0,3.0,17150.0,36.0,48.0,56.0
2eb9b2ef7c1da3c7b99702452ea4729f,tablets_impressao_imagem,64.0,547.0,3.0,300.0,26.0,3.0,26.0
709839bfd3ba2c923015e0a5de970a7d,beleza_saude,32.0,1883.0,1.0,250.0,17.0,12.0,12.0
fc5c33cddd49638580cfe9fec90aa943,bebes,16.0,978.0,1.0,300.0,16.0,8.0,11.0
2fad6925ba23d76e45c9496828e62a79,utilidades_domesticas,59.0,760.0,2.0,650.0,20.0,11.0,15.0
1ffe0f57d9bad302d252f7df6d6d29fc,automotivo,59.0,1391.0,3.0,1700.0,34.0,18.0,16.0
49feeab25d6531f4bbd4e9e7c926cf36,fashion_bolsas_e_acessorios,48.0,731.0,1.0,200.0,16.0,2.0,11.0
aeb4a18fc6dad1f6cb6474d69f634ad2,cama_mesa_banho,55.0,617.0,1.0,6400.0,30.0,30.0,30.0
58493ca240e8c701678576a04c2d6336,eletronicos,52.0,537.0,1.0,200.0,21.0,7.0,14.0
b7ffd29379437fd3b580dd2deb8e50c4,cama_mesa_banho,59.0,497.0,2.0,1350.0,50.0,11.0,11.0
0dc7e2749b6f2da894167fc88c86a2cc,brinquedos,30.0,1155.0,1.0,263.0,19.0,14.0,16.0
146a4eb8f7cef9788fecff10b104dec3,livros_interesse_geral,10.0,2068.0,1.0,1000.0,33.0,6.0,22.0
1ed390fc2e1df06251341c288d315eea,esporte_lazer,56.0,1236.0,1.0,4350.0,20.0,20.0,20.0
693567e68c0e3d72dc3ae88159aeed6c,moveis_decoracao,54.0,315.0,1.0,303.0,14.0,14.0,28.0
c9cfa62f6407e7bad1a59a8ad7255d4e,telefonia,56.0,214.0,2.0,200.0,22.0,16.0,16.0
94e25ee525bdcdce608d423d902a0372,alimentos_bebidas,58.0,457.0,3.0,2950.0,17.0,22.0,17.0
a53e969a04fa632529307e0e04d4c68a,informatica_acessorios,54.0,90.0,2.0,100.0,16.0,8.0,11.0
b8fd372c103037c02e9898f76ba0ab4c,cool_stuff,35.0,240.0,3.0,130.0,100.0,25.0,35.0
3512f777c335f8297b5ad43416b69cf8,cama_mesa_banho,49.0,476.0,1.0,350.0,16.0,10.0,16.0
ccf965dc2dedc243ce245610ffcc1e6b,moveis_decoracao,33.0,106.0,2.0,250.0,20.0,20.0,20.0
66f01f544ba693e1a1a7428caec79279,moveis_decoracao,54.0,757.0,6.0,3300.0,19.0,7.0,16.0
7aeaa8f3e592e380c420e8910a717255,eletrodomesticos,37.0,1642.0,10.0,5500.0,29.0,37.0,25.0
7f6f8bdeee8ab42b5b4873b754f22a15,papelaria,41.0,312.0,2.0,200.0,24.0,7.0,14.0
c7b17e51e4a7c527e89a7d5cf6f2415a,construcao_ferramentas_construcao,56.0,1133.0,1.0,4200.0,30.0,20.0,20.0
3099fd60323d4c647f2515690394bfb2,beleza_saude,41.0,1109.0,1.0,217.0,17.0,10.0,14.0
446e83f3f31931e9eda31363bde07293,moveis_sala,55.0,595.0,1.0,5600.0,20.0,5.0,60.0
44dc6124432da8482da2977dbfa88f59,beleza_saude,59.0,1343.0,2.0,150.0,16.0,13.0,11.0
dd28e3f8ffd0e519d30839eb27ccfae3,informatica_acessorios,55.0,956.0,3.0,239.0,27.0,8.0,16.0
a853bf1a5f8d9f04f5df123168164720,livros_importados,63.0,1071.0,7.0,1300.0,29.0,9.0,18.0
8f4735c09292c695473969af57466365,fashion_bolsas_e_acessorios,60.0,83.0,1.0,200.0,16.0,2.0,11.0
bcac2cdcd851929a5caa3e1508d5abc9,utilidades_domesticas,45.0,928.0,1.0,800.0,39.0,6.0,28.0
dfb6e01f3415c48d80b21a9c1dd97697,construcao_ferramentas_construcao,59.0,274.0,1.0,150.0,24.0,13.0,13.0
1cee940750667f29c969974d268656f8,beleza_saude,41.0,1918.0,1.0,580.0,39.0,11.0,15.0
b15b38f8a24ce6254dfa5bc5a06f18c5,automotivo,50.0,214.0,4.0,1600.0,25.0,9.0,17.0
ca4a58d8a97a4e1c5822292d4cfcb4b6,fashion_bolsas_e_acessorios,35.0,385.0,1.0,100.0,17.0,3.0,12.0
e4f7023069a24c2297617d935f783a5c,informatica_acessorios,52.0,294.0,2.0,1000.0,20.0,20.0,20.0
224e8e64188b2731d83c3f5bfebd29d3,construcao_ferramentas_jardim,54.0,118.0,1.0,1450.0,16.0,16.0,12.0
ace5d86cf1ac63cdb76f49e5cd23d2f8,moveis_decoracao,60.0,473.0,1.0,600.0,30.0,4.0,20.0
4462167dca28740ae5078b9dce00f199,automotivo,50.0,520.0,2.0,1200.0,19.0,6.0,14.0
1965752f8e30a01b19fea24c2577ad0d,alimentos,28.0,528.0,1.0,1376.0,23.0,15.0,21.0
b61d1388a17e3f547d2bc218df02335b,,,,,350.0,16.0,6.0,11.0
385a33a408e9c35c9fbc2025c12f3784,informatica_acessorios,52.0,967.0,1.0,220.0,22.0,13.0,12.0
6dbcbca84288705e65660c9b4f369134,brinquedos,42.0,1604.0,1.0,6084.0,68.0,14.0,68.0
337be49673e511e2bd38d390cf57d7c4,relogios_presentes,53.0,542.0,2.0,400.0,16.0,11.0,20.0
124a15d998dfe011681819d7c792f7bb,beleza_saude,60.0,180.0,1.0,300.0,17.0,12.0,11.0
5cab8d5ca731b3de4c23b8b13b04e594,brinquedos,32.0,122.0,2.0,250.0,16.0,15.0,15.0
1dd3a0b856546758b41e8ef9935f1831,utilidades_domesticas,53.0,532.0,1.0,600.0,20.0,7.0,20.0
c828d9e817355cc55ab8a449b2299f25,consoles_games,48.0,691.0,2.0,317.0,20.0,7.0,16.0
85d187257cdbf2692d10649a11c7e78b,malas_acessorios,47.0,414.0,1.0,2000.0,35.0,27.0,12.0
23b3e6e0aafa806f323de78534212b67,construcao_ferramentas_jardim,34.0,1007.0,5.0,5650.0,40.0,16.0,50.0
8bf5b1e066d9fb2a639f8f69d55a370d,automotivo,55.0,1440.0,1.0,575.0,20.0,10.0,15.0
cc3181a81384b6fc34602d49cb6068a6,eletrodomesticos_2,33.0,94.0,1.0,18450.0,68.0,21.0,42.0
ddddff18d8f990347156c317421df46d,malas_acessorios,47.0,114.0,1.0,1000.0,35.0,10.0,34.0
5c17022eddee34a164a87606a586dd8b,moveis_decoracao,39.0,400.0,1.0,450.0,35.0,35.0,11.0
26a5c56121a055cfa75ae4f9e324c024,automotivo,56.0,199.0,2.0,75.0,16.0,15.0,15.0
f7e0b1caf4e8709c62147484d5b1aa6a,perfumaria,55.0,310.0,3.0,200.0,20.0,5.0,13.0
9af87df86e72ade39565a7b20d8cecd3,beleza_saude,40.0,774.0,1.0,625.0,16.0,14.0,15.0
b9adb2d8377c195da59e75743dbb7133,,,,,200.0,16.0,2.0,11.0
4e9e7d1bed5934971a6ac480a0f5069f,pet_shop,35.0,503.0,2.0,1500.0,40.0,45.0,30.0
2e04efb6656990084af256e304d9a573,malas_acessorios,54.0,1632.0,6.0,650.0,20.0,40.0,50.0
74291f20821eae2aacb949b41622ef52,perfumaria,42.0,155.0,1.0,600.0,20.0,20.0,30.0
5a719c85a2cad2da6076ea511aa4023f,informatica_acessorios,60.0,1873.0,1.0,225.0,17.0,17.0,17.0
1ee079ac734051dc6b17c085dc203b0c,eletroportateis,57.0,2259.0,1.0,550.0,20.0,13.0,21.0
17597731049645b4a7cd01de0b4188d5,brinquedos,50.0,690.0,1.0,7175.0,50.0,22.0,40.0
4a9947ec1fcec2b3321193ed5590e8cb,relogios_presentes,42.0,576.0,3.0,300.0,16.0,2.0,20.0
d0c59b22539b0b391e5834a1dae7caa8,brinquedos,35.0,272.0,2.0,350.0,19.0,22.0,17.0
4df4e2fa82369cf0ba8bb28833d44848,moveis_decoracao,49.0,199.0,4.0,650.0,19.0,20.0,15.0
4c35791f944cf1550e8ae288b3f9e258,informatica_acessorios,53.0,514.0,3.0,424.0,25.0,10.0,19.0
eb6913790ee61d3d4d8dffcbbedea827,pet_shop,57.0,1268.0,2.0,102.0,20.0,6.0,13.0
5b76cbb9c422e9f3920a1a75a88f0cf0,casa_conforto,28.0,102.0,1.0,200.0,30.0,15.0,15.0
ea697d5bbca113fdf96cf66f7aa135c8,beleza_saude,36.0,668.0,1.0,650.0,16.0,40.0,11.0
64df6c5d4c7440a043e13fa796eb4ac4,papelaria,60.0,466.0,7.0,400.0,21.0,7.0,15.0
148d27957e1653a2e9c8c3771f5a5a0f,relogios_presentes,60.0,628.0,2.0,200.0,16.0,11.0,11.0
614d9b959168fce3e0cbd0645acbb666,moveis_decoracao,36.0,80.0,2.0,400.0,16.0,28.0,16.0
675dbd52c3dadeafa9a8c96ea5a9bfc6,bebes,58.0,801.0,1.0,2300.0,36.0,30.0,19.0
5218cced384ab9377c69874bd7c703f3,esporte_lazer,51.0,1368.0,2.0,400.0,20.0,17.0,17.0
28b5eddd0f9eb2e6a7dd8a36e0a79828,utilidades_domesticas,60.0,279.0,1.0,300.0,35.0,4.0,15.0
52198ab6a720304fd80cac19c691a049,beleza_saude,54.0,3569.0,2.0,150.0,32.0,20.0,20.0
54a03278272d6b4da99f843fb8120754,esporte_lazer,52.0,920.0,4.0,600.0,35.0,15.0,30.0
919f371545037a68a1585ef9f0b9494a,climatizacao,52.0,1427.0,1.0,10050.0,51.0,49.0,24.0
665839d5bdf604c2909beca037c57144,brinquedos,22.0,265.0,1.0,420.0,28.0,12.0,22.0
a7f2b139c27a47d32a6ab4529c65c134,relogios_presentes,59.0,168.0,3.0,200.0,16.0,2.0,11.0
c2c951d6f458fe552a49dcd590bdb4a6,cama_mesa_banho,55.0,661.0,1.0,1200.0,35.0,3.0,30.0
df3975eccff1508fbdf8874d3b4edadc,livros_tecnicos,53.0,1909.0,1.0,500.0,25.0,4.0,18.0
3cb11cc74ce2cf42fd23d867c18a7745,brinquedos,58.0,701.0,6.0,2250.0,55.0,12.0,35.0
c2c4115f38ec8f43e1052cf0735e289b,moveis_decoracao,39.0,202.0,1.0,2300.0,40.0,10.0,30.0
3ea344b27741300cc4724d2a5af94460,cama_mesa_banho,57.0,729.0,1.0,1500.0,20.0,30.0,30.0
e8f625d123fb9e3cdf3e99bda7db0db1,esporte_lazer,54.0,664.0,1.0,250.0,22.0,10.0,15.0
89005f5c60b53829a9a617fe5e292221,automotivo,40.0,622.0,6.0,700.0,40.0,15.0,40.0
298f838b1798d952580d034bf84bd33a,moveis_decoracao,59.0,646.0,1.0,300.0,20.0,30.0,20.0
1d3d7e2bc2cb75e4e2c798ec9aae0279,telefonia,57.0,1260.0,2.0,175.0,17.0,3.0,12.0
0f8977d115c52d93a05dd4eb7052baff,cama_mesa_banho,59.0,266.0,1.0,3975.0,46.0,12.0,43.0
353f9040451759cc7153da959db1e531,cool_stuff,48.0,662.0,2.0,18600.0,38.0,74.0,38.0
8bc6752b88d4909a129ee0abfd76875b,pet_shop,17.0,746.0,1.0,300.0,16.0,4.0,11.0
c83bfa25f218562a2db2cb8abce10e1e,telefonia_fixa,63.0,150.0,2.0,100.0,16.0,16.0,16.0
9892435c317b92530812ef9fe68cffc6,fashion_bolsas_e_acessorios,51.0,731.0,1.0,200.0,16.0,2.0,11.0
332f784cac57e18f1194e8156ad5bd9d,beleza_saude,55.0,1735.0,1.0,2550.0,20.0,40.0,25.0
09ae715b435241d687067cb868b056a7,utilidades_domesticas,42.0,1182.0,1.0,15050.0,60.0,25.0,60.0
c76ce8f19e21cfc8226f0551ed5da750,cool_stuff,54.0,940.0,1.0,1800.0,42.0,25.0,15.0
0f4d27b820e317c951649da022895e0e,brinquedos,37.0,337.0,1.0,325.0,17.0,18.0,12.0
926ecae86335e45fea05e1e39e9a5be9,utilidades_domesticas,51.0,339.0,2.0,9500.0,42.0,54.0,25.0
557484a8965bdc4e548658239f7663fd,ferramentas_jardim,52.0,1493.0,6.0,4000.0,30.0,21.0,24.0
ceeba7d5636e59173cc5f484e913db3d,,,,,30000.0,65.0,65.0,65.0
70cc46ccdfff951dd7829395bce256ca,ferramentas_jardim,54.0,1318.0,1.0,700.0,30.0,10.0,20.0
3d4c249691c5ff13ec7946d4d7a1aaa0,telefonia,56.0,160.0,2.0,150.0,20.0,5.0,12.0
167752e318335bf6bdd6906c4c470266,esporte_lazer,48.0,1422.0,1.0,200.0,18.0,8.0,14.0
2b5000342506556984dc8d0dcdbd4921,eletrodomesticos,58.0,108.0,1.0,150.0,27.0,13.0,17.0
06ce9c3e61c7a07f872f8317a7dc534d,beleza_saude,42.0,3887.0,1.0,100.0,16.0,8.0,11.0
2f763ba79d9cd987b2034aac7ceffe06,eletronicos,45.0,1198.0,2.0,595.0,8.0,6.0,6.0
e5d51a994a31fdaf8d7ec087d31a9576,beleza_saude,44.0,610.0,1.0,600.0,26.0,6.0,18.0
31d6f0a621ee145ae8c70304cf564483,relogios_presentes,54.0,691.0,2.0,200.0,16.0,2.0,11.0
b9055c6417cea84a8198fec56ff6148f,construcao_ferramentas_iluminacao,58.0,291.0,1.0,2350.0,30.0,30.0,30.0
3f9714af5d7efa95476ebf732c9078c8,ferramentas_jardim,39.0,120.0,2.0,200.0,25.0,5.0,12.0
995e25d9b46dee183004994645768d95,esporte_lazer,57.0,722.0,4.0,500.0,16.0,15.0,20.0
f9aa001a859b11fd798bb386f3d07eb0,pet_shop,54.0,802.0,17.0,9000.0,33.0,30.0,44.0
05e75e2ebb007f6cadbc9925311b014b,moveis_decoracao,63.0,522.0,2.0,500.0,80.0,10.0,60.0
77e54bccbb383f52f76910f34d4cda43,beleza_saude,32.0,1032.0,1.0,100.0,16.0,2.0,11.0
8650c4bacaf0a2cd9ce38bd72004c276,beleza_saude,42.0,951.0,2.0,400.0,18.0,18.0,18.0
68db47d312d0b87e469762f0481d3b9c,ferramentas_jardim,60.0,681.0,4.0,16900.0,38.0,70.0,38.0
2756f88aa420dd0c5aa25b2db78d4664,telefonia,58.0,381.0,3.0,200.0,19.0,4.0,11.0
be19e1611a6015a66266d199ff3ccce0,consoles_games,38.0,456.0,1.0,150.0,29.0,2.0,16.0
56e04ad5959e2c30a6754d9cc1f098f2,portateis_casa_forno_e_cafe,46.0,490.0,1.0,225.0,18.0,18.0,16.0
1f8281d23bd0d53a9d2cea4bad53ca58,moveis_decoracao,52.0,745.0,4.0,18200.0,40.0,60.0,40.0
d2806dfb8e3474bcba8b5bcd771ff12c,brinquedos,58.0,789.0,2.0,790.0,28.0,24.0,31.0
0eb41884a8773e019708fb8409fd8347,bebes,41.0,1064.0,1.0,21467.0,76.0,57.0,51.0
1c0b635cee597371e54d222a1d8e0386,relogios_presentes,52.0,706.0,2.0,300.0,16.0,11.0,11.0
3651da23518f818b7da19d3ec6c69f5e,moveis_decoracao,33.0,1405.0,3.0,150.0,35.0,2.0,25.0
37c4c3f162a9549087175b1391df2f02,beleza_saude,30.0,530.0,1.0,975.0,19.0,12.0,15.0
407eeaa1c0dcd776f6c2ad41db4c62e5,telefonia,56.0,1613.0,2.0,304.0,19.0,11.0,16.0
da37b504ecf6099b4f8af452ebdab0cc,bebes,39.0,1285.0,2.0,8200.0,40.0,35.0,35.0
04b2173a311a1fe1a8c90a59c0a0f474,pet_shop,41.0,186.0,2.0,700.0,16.0,35.0,25.0
661d83b6b4988942aa9b449b57e12f81,brinquedos,60.0,48.0,1.0,1400.0,60.0,30.0,16.0
e337509290028e0c81c0ac93d7b1234e,automotivo,46.0,2145.0,8.0,18000.0,50.0,20.0,20.0
50571d0f0f8ffbeec1c64cefeec01135,fashion_bolsas_e_acessorios,58.0,526.0,5.0,350.0,43.0,16.0,27.0
b1fa0cf0885504d458c2a48e376ea087,moveis_decoracao,52.0,603.0,2.0,1200.0,65.0,12.0,12.0
9d358fd2a77935cffa32834b50cfb21e,cool_stuff,53.0,953.0,1.0,1200.0,42.0,25.0,15.0
3ae4b63ae37e03994e257921c73d50b8,cama_mesa_banho,59.0,282.0,2.0,7683.0,38.0,45.0,52.0
de907886b218bfa2e0097c1fdff81785,eletronicos,60.0,443.0,2.0,100.0,22.0,4.0,11.0
d82bca823d7ea924fb38e011970205dd,moveis_decoracao,49.0,1720.0,2.0,600.0,65.0,11.0,11.0
7ce49c8945602088c4c4ca3e0ceb8244,,,,,1400.0,35.0,3.0,35.0
27c63413ca2806bcab40a31d0f862a59,climatizacao,60.0,1271.0,1.0,4550.0,40.0,21.0,32.0
a93ad122024312ca432da7f7b32474b4,cama_mesa_banho,48.0,267.0,1.0,1588.0,48.0,12.0,44.0
98bf9f3941be6afbca9ea37f8eb0c466,pet_shop,40.0,287.0,6.0,1400.0,20.0,16.0,22.0
1fd95182c672cf5b10c82207ca5dab97,automotivo,58.0,797.0,5.0,1100.0,23.0,7.0,38.0
ac01b71ddb644fe8806e71a6030accf9,moveis_decoracao,29.0,250.0,2.0,800.0,32.0,6.0,28.0
35e26f65c3f380cfe6257d771fb067d2,esporte_lazer,45.0,1134.0,1.0,867.0,26.0,15.0,18.0
089cc17c8bf2226d13648392e33dabd7,informatica_acessorios,32.0,999.0,3.0,225.0,17.0,5.0,20.0
